EC number		Uniprot ID		Sequence		Topt
3.1.3.1		Q9UZV2		MMKMKLARFLLIFIIFSSMFPFANASPSGVRNVIILIGGMGFSQLQLTKLVYGHLNMEDFPYTGIELTDSLSGEVTDSAAAGTAIATVKTYNRMISTTNVTGKLVNLTTLLEIAQMLGKATGLVTTTRITHTVFASHVPDRDMEEEIARQLILHNVTVLMGGREKFSEEVLKLAEDYGYSIVYTREDLEKVKDGKVLLFAEGHLPYVLDRSEEDVSLLEMTKKAIEILEKNPNGFFLMIEGGRIHACANDVASIVAETKEFDDVVGYVLDYARRRGDTLVIVLAETGGLGIGLNYGHSVDIDSIRRIDASIEEMSKEIKSGGDIRDVIRRHTGLELTDEEVKEIEEAKNSTNKYALGNIIGEIISKKLGVGFVSHKHTGEPVPLLAYGPGAENFVGFKHHVDTAKVIAKLMIFGDRSISFTIKGVSKIKGDVTGDYRVDERDAYATLMLLLGDLVDTELENIADMDNNGIIDLLDVMAILQASS		70.0
3.1.3.1		Q153J0		MKRRDILKGGLAAGALALLPRGHTQGALQNQPSLGRRYRNLIVFVYGFSWEDYAIAQAYARRRQGRVLALERLLARYPNGLINTYSLTSYVTESSAAGNAFSCVKTVNGGLAIHADGTPLRPFFAAAKEAGKAVGLVTTTTVTHTSFVVSNPDRNAEERIAEQYLEFGAEVYLGGDRFFNPARRKDGKDLYAAFAAKGYGVVRTPEELARSNATRLLVFADGHVPYEIDRRFQGLGVPSLKEMVQAALPRLAAHRGGFVLQVEAGRIHANLNDAGATLWDVLAADEVLELLTAFVDRNPDTLLIVVSATGVGGLYGAGRSYLESSRGVDLLEPQRASFEHMLRVLGQAPEASQVKEAFRAMKGVDLEDAEAERVVRAIREKVYWPEGVRQGVQPANTLAWAMAQRNAQKPDRPNIGYSSGQHTASPVMLLLYGQGLRFVNLGLVDNTHVFRLMGEALGLRYQNPVMSEEEALEILKARPQGMRHPEDVWA		78
3.1.3.1		P00634		MKQSTIALALLPLLFTPVTKARTPEMPVLENRAAQGDITAPGGARRLTGDQTAALRDSLSDKPAKNIILLIGGMGDSEITAARNYAEGAGGFFKGIDALPLTGQYTHYALNKKTGKPDYVTDSAASATAWSTVKTYNGALGVDIHEKDHPTILEMAKAAGLATGNVSTAELQDTALVAHVTSRKCYGPSATSEKCPGNALEKGGKGSITEQLLNARADVTLGGAKTFAETATAGEWQGKTLREQAQARGYQLVSDAASLNSVTEANQQKPLLLFADGNMPVRWLGPKATYHGNIDKPAVTCTPNPQRNDSVPTLAQMTDKAIELLSKNEKGFFLQVEGASIKQDAANPCGQIGETVDLDEAVQRALEFAKKEGNTLVIVTAAHASQIVAPDTKAPGLTQALNTKDGAVMVMSYGNSEEDSQEHTGSQLRIAAYGPHAANVVGLTDQTDLFYTMKAALGLK		25.0
3.1.3.1		Q17TZ1		MNQQNQLYARLQVTTTVVLLLIILKSFHAQDADFWNQQAQDNMKRILAKKHNTNVAKNVIFFLGGMGVSTVTAARIYGGQKVNKSGEEHILSFEAFPEIGLIKTYNTDLQVPDSAGTGTAFLCVKSKAGTLGLNDHVIYSNCTSQRGAEVTSILDWSTAEGKSTGIVTTARLTHTAAYAHAARRGWEGDTEMPTDAQTCKDIAYQLVMENSNIEVLMGGRRYFLSENKTDPELNYAHRYQRKDLDLIDEWISEKQRRKVSHRYVWNKKQFQDTDPETTYYLLLFESSHMQYEYARDKSDAGEPSLREMTEKAIQILSKNPKGYFLLVEGGRIHAHDTRAGRALEETVALDEAVTSAASLTNQDDTLIVVTASHVFMMAGYPSRGNNILGKVDDSEGDDGLPYTTLVYGNGYEQRKNITDIDTTDFGYRQESLVPLYSETHGGEDVAVYARGPMAHLFVGTHEQSYIPHVMAYASCVGVNKQHCSRTPPTDELTSNLASIRQGDAFLVLVFLCIVNVMHCF		25.0
3.1.3.1		B4Z1D6		MVTLFPYVVAVLCGATSARAHWLHPAAPAAASRAETSANYWAQDAQAAINARLERVESVKKARNVIMFLGGMSVPTLAAARTLLGQRQGKTGEETKLHFETFPTIGLVKTYCVDAQIADSACTATAYLCVKNNYGAIGVDGTVRRGDCQAASNTATHVESIAEWALADGRDVGIVTTTRITHSGTFAKTANRTWENDGEVSQMGLDAKDCPDIAHQLVHHHPGNKFKVIFGGKRAFLPNTEQDEKGSYGRRIDNRNLIKEWEDDKVSRNVSHQYVWHREQLMRLKEDLPEYMLLFESSHMTYHLKSDPQSEPTLAELTEVAIRSLRRNEKGFFLFVEGGRIHAHDNLVELALDETLEMDKAVATATKMLSEDDSLIVVTAAHVMTFNGYSNCGHNILGPSRDVGLDNVPYMTLTYANGPGFRPHVNDIRPDVTLEPNYRTLDWESHVDVPLVDETHGGDDVAVFARGPHHSMFTGLYEQSQLPHLMAYAACIGPGRHACASAAHLPSAHFFVALLALFTSILLR		37.0
3.1.3.1		B0R9W3		MPTPHTTESPSVDRRTFLAGLSGAVAGGAVASQFQTTARAQATASPAANAIAYIVGMGQTQISAARYLNAYKTAPERFPLNVSPAETPTGFDAFSSRGSMTTFPDDPYETTTDSAAAATAFASVKTYNGAIGGVQTSGGGFQRVDTVLERASAQGYATGLITTTEATHTAFAAHVEDRGNQTEIARQYIEETQPDVILGQRRDFEADASNGGTLVDAARDNGYTIAETAAELDAVDDPPVLLFSQESHLDYYLDRKNDPENTQPNLDAMVDAGVDLLSSAGDPDKGFFLLVESGRVHAGANYPAQVAEQYEATQVAGQLVEYAETTAEPTFLVSTGECGGLTLGRDSPYEVEYDVLAAQKATTSRLRDLLAGVRSADELESIVAAHTGITALTDREVAKLRDAPGSISTILAERAGIAFTTDGHTGTDVPVFAHGPNAARFDAARDNTAVADALAAALGVSL		20.0
3.1.3.1		A1YYW7		MLKHVAAALLLATAMPVVAQSPAPAAAPAPAARSIAATPPKLIVAISVQFSADLFSEYRQYYTGGLKRLTSEGAVFPRGYQSHAATETCPGHSTILTSRPSRTGIIANNWFDLDAKREDKNLYCAEDESQPGSSSDKYEASPLHLKVPTLGGRMKANTRVVSVAGKDRAAIMMGATADQVWWLGGPQGYVSYKGVAPTPLVTQVNQAFAQRLAQPNPGFELPAQCVSKDFPVQAGNRTVTGRFARDAGDYKGFRISPEQDAMTLAFAAAAIENMQLGKQAQTDIISIGLSATYVGTFGTEGTESCIQVDRLDTELGAFFDKLDKDGIDYVVVLTAGGHDLPERHRMNAMPMEQRVDMALTPKALNATIAEKAGLPGKKVIWSDGPSGDIYYDKGLTAAQRARVETEALKYLRAHPQVQTVFTKAEIAATPSPSGPPESWSLIQEARASFYPSRSGDLLLLLKPRVMSIPEQAVMGSVATHGSPWDTDRRVPILFWRKGMQHFEQPLGVETVDILPSLAALIKLPVPKDQIDGRCLDLVAGKDDSCAGQ		30.0
3.1.3.1		Q1W622		MPHQNRQGRWCRKGWAVVALTGSMSWMPLANAAEIKNVILMIGGMGPQQVGMLETYANRAPDSIYQGRSTALYQLAKEGVVGASLTHPEDAVVVDSACSATQLSTIFTGGEVIGIDSEGNRVETVLELAKRVGKATGLVSDTRLTHTAFAAHQPHRSLENAIAEDMLMTGPDVMLSGLRHFVPYSVSEPGESAGSVETLMQGAWSPTSKRKDERNLLQEAADQGYGLAFTRDQMAALNGTKVLLFANSGMADGISFRDSHDDPQRQQPTLHEMTQKALSMLEQDDDGFFLMVEGGQIWAASNDAGTMLNELIKFDEAVQGVFDWARDRDDTIILVTAETGAFGFSYSSANLPAAQKKSGPAFADQDYAPNFNFGDFSILDSLYEQKQTYYELLSDFEALPQGERTPARLMAAVNGNSDFQITEAQAAEVLANKPNPYHVDGHSYLGVSEVPAVHDFDAFFPYNDRGNLLARALATQQNTVWGTGTHTHTPVNVFAWGPANDILPVSSILHHSEIGQYLKTVVAK		45
3.1.3.1		U6A566		MGFLRNRIVGITLAGAVALGSAGTGSAAMETAKKKEEPKVKNVIMMVMGTSSSAPTLARWYKGEPLAMDQIVSGGVRTYSAESAITDSAPAATAMATRKSNSSYIGVLPSKVNTPGVEKVREKDHYRPVANVLEGAKQKGKATGIIATSEIQHTGYSGHHKDRNNFEVLGEQQVYQNMDVVLGGKESLQPGTKDKSREDGEDLVKVLKDKKYDFVETKDQLLKSKSKKIWAFSQRDLAYDMDRRATHPEQPTIAEMTKKSIQTLSKDKDGFFLFVEGSKPWAAQNDPIGMISDVLAFDNAVKEALDFAKKDKHTMVIAVSGNSGISIGNSNTTKGYDTTPVSAYVDPLKKAKMTVEGATGKLKDDLSNIEEAAKLYGLDDLTPAEKEQLKSVKNKKEAASLFTKLLSNRANIGFTTGGHTGEDVFLYSYGPEKPQGLVENTDIAKTMAKAMGFNLDKLTNELFIEAKQAFKKAGASVTIDQKDPANPVLVAARKKAKAEMPVNKNIIRINGKEYELDSVIVESNGSFYVPKEAVQLFKKYAR		50.0
3.1.3.1		C1K6P2		LKLFRKKILPLTVVSTIALGSLLGMGSITETDAKEKKGHDHGKVKNIIFMIGGMGVSYTSAYRYLKDNPNTKFVERTEFDKYLVGQQMTYPKDPKKNITDSASAATAMAAIKTYNAAISVDNDGSEVKTVLEAAKAAGKATGLVATSEITHTSFGAHDENRQNMNAIANDYYDELINSEHKVDVLLGGTDLFIRKDRNLVEEFKKDGYSYVTNRNELLKDQNEQVLLFAPRGLPKMIDRTEDIPSLEEMTKSAIERLSKDKDGFFLMVEGSQIWAGDNDIVSAMSEMEDFEKAFKAAIEFAKKDKHTLVVATASTGGYSIGADGIYNWFGAPIKAAKRTPDFMAEEIANGADVEETLKKYIDLELTAEEIQSVKDAAEQGKADKDKGVKRVDDAIEHIFDKRSHTGWTTSAHTGEDVPVYAYGPGSERFAGQIENTDHAKIIFDILGKGKQKIVIEDK		50.0
3.1.3.1		B4Z1D7		MVTLFPYVVAVLCGATSARAHWLHPAAPAAASRAETSANYWAQDAQAAINARLERVESVKKAHNVIMFLGGMSVPTLAAARTLLGQRQGKTGEETKLHFETFPTIGLVKTYCVDAQIADSACTATAYLCVKNNYGAIGVDGTVRRGDCQAASNTATHVESIAEWALADGRDVGIVTTTRITHSGTFAKTANRTWENDGEVSQMGLDAKDCPDIAHQLVHHHPGNKFKVIFGGRRAFLPNTVQDDEGSYGRRIDNRDLIQEWKNDKDSRNVSHQYLWQREQLMNLNDDLPEYMLLFESSHMEYHLKSDPQTEPTLAELTEVAIRSLRRNEKGFFLFVEGGRIHAHDNLVELALDETLEMDKAVATATKMLSEDDSLIVVTAAHVMTINGYSGRGNDILGPSRDVGRDRMPYMTLSYTNGPGFRPHVNDIRQNVTAEPNYRTLDWESHVDVPLVDETHGGDDVAVFARGPHHSMFTGLYEQSQLPHLMAYAACIGPGRHACASAAHLPSAHFFVALPALFISILLR		37.0
3.1.3.1		A8TKU6		MLPTVLSTASKPLLFFIAVILSLYKIECKSSLLNVADPETWKKSADERFNKFEKSLSYLLLKRPKNVILFIGGMSLNTVTGARYLKAEKMDFLGGDVQLVWENWPVASLVRTFNSDRLTTDSGSAATAFMSVKGPFNTVGITGTVKCCECTELKELERAKSSIMYASKAGFSTGIVTTTRVTHTAAYANMLHRDWESKVPSNEHAFHCTDAAAQLLTNASHVNVIMGGAAEFYGPSDNTTFNVKGKRSDSRNLLNEWQEIQTKMNHKHVLLHTNNEFKQTDWSSVDYVLYVCSEPLAYRLENQDQPTLAEMTEAAIKVLSRNPKGFLLLVEGGRIHGNQNQAQYALTETLELEKAVEKALSLVDQQETLLLVTASHAYGVVGHPTRNISVLDVDNTAKGDDNKSYLISSFFNGPRGILDAPRSDPETEDRFASNYTAESLVRLSLSTHSAEDVPIYANGPYSELFHSSLDNTFIAHATMYSLCIGLYTDQSHCDEGNNGSRLSGLHLNNFYYLLFLSIILYTFIH		37.0
3.1.3.1		A8WEG4		MFKSKRCAALLIATLSVGLTLNHGGQAVSAAPSKPAKPPVVKNVIMLVGGMGTAQRNAIRLATKGIDGELEMDSMPYSGLIHTNSADPKSFITDSAAAASAIATVKTYNGAISVDLQGKPVKTILEQAKKAGKATGLVTTAQVTDTAFAAHTANRSAQSDIAKQYIEKTKVDVILGGEDYWYPAGHPGYYPDTAEDAEEGSKGTQGNLVERAKKLGYTYVRTADELKRAKGRKLLLFANEEMFQKRSEGEGKYNPVVSLPDMTKKAIDVLSKNKKGFFLVVEEEAIEMSDNNGSLMIKAGQQFDQAVAVAKRYAKHHPDTLVLVLAESGGLTIETPGDADESEDSNTLSDENGPFAVAHSKQTFTLNWTTTGHTAAGVPLTAMGPGAKRFAGVYENTHIHDILETLLFGKRER		65.0
3.1.3.1		B8K1W1		MKRRDLLKVGLGAGTLALLPWGGAQGAVQNRPYLPRRYRNLIVFVYGFSWEDYAIAQFYARRHLGKALALERLLARYPAGLINTHSLTSFVTESSAAGNAFSTVKTVNGGLAIHADGTPLKPFFAAAKEAGKAVGLVTTTTITHTSFVISNRDRNAEEEIAQQYLDFGAEVYLGGDRFFNPASRKDKKDLYAAFAQAGYGVVRTPEELARSNASKLLVFSSSHVPYEIDRRFQGVGVPSLKAMVQAALPRLAAQDRGFVLQVEAGRIHANLNDAGAVLWDVLAADETLELLMAFVDDHPDTFLIVVSATGTGALYGAGPSYLESSAGVDLLTRQRASFEHMLARLGQSPDPAQVQEAFRAFKGVELLPEEAERVVRAVREKVYWPEGVRQGVQPANTLAWAMVQRDARRPDRPNIGYNSGQHTASPVVLALYGQGLPSMRLGLLDNTYVFRLMGEALGIVYQNPVMTPEEALEHLGKRAEILHPQDALA		80.0
3.1.3.1		A0A1B2YKT4		MKRRDILKGGLAAGALALLPRGHTQGALQNQPSLGRRYRNLIVFVYGFSWEDYAIAQAYARRRQGRVLALERLLARYPNGLINTYSLTSYVTESSAAGNAFSCVKTVNGGLAIHADGTPLKPFFAAAKEAGKAVGLVTTTTVTHTSFVVSNPDRNAEERIAEQYLEFGAEVYLGGDRFFNPARRKDGKDLYAAFAAKGYGVVRTPEELARSNATRLLVFADGHVPYEIDRRFQGLGVPSLKEMVQAALPRLAAHRGGFVLQVEAGRIHANLNDAGATLWDVLAADEVLELLTAFVDRNPDTLLIVVSATGVGALYGAGRSYLESSVGIDLLGAQKASFEYMRRVLGSAPDAAQVKEAYQTLKGVSLTDEEAQMVVRAIRERVYWPDAVRQGIQPENTMAWAMVQRDAKKPDRPNIGYSSGQHTASPVMLLLYGQGLRFVNLGLVDNTHVFRLMGEALGLRYQNPVMSEEEALEILKARPQGMRHPEDVWA		80.0
3.1.3.1		Q9KWY4		MKLKKIVFTLIALGLFSCKTTSVLVKNEPQLKTPKNVILLISGAGLSQISSTFYFKEGTPNYTQFKNIGLIKTSSSREDVTDSASGATAFSCIKTYNAAIGVADDSTAVKSIVEIAALNNIKTGVVATSSITHTSFYAHALNRGLEEEIAMDMTESDLDFFAGGLNYFTKRKDKKDVLAILKGNQFTINTTGLTDFSSIASNRKMFLLADEAMPTMEKGRGNFLSAATDLAIQFLSKDNSAFFIMSEGSQIWGGANNASYLISEINDFDDAIGTALAFAKKDGNTLVIVTSETGGFTLAAKKNKREDGSEYSDYTEIGPTFSTGGHSATLIPVFAYGPGSEEFIGIYENNEIFHKILKVTKWNQ		15.0
3.1.3.1		P19111		MQGACVLLLLGLHLQLSLGLVPVEEEDPAFWNRQAAQALDVAKKLQPIQTAAKNVILFLGGMGVPTVTATRILKGQMNGKLGPETPLAMDQFPYVALSKTYNVDRQVPDSAGTATAYLCVKGNYRTIGVSAAARYNQCKTTRGNEVTSVMNRAKKAGKSVGVVTTTRVQHSGAYAHTVNRNWYSDADLPADAQMNGCQDIAAQLVNNMDIDVILGGRKYMFPVGTPDPEYPDDASVNGVRKRKQNLVQAWQAKHQGAQYVWNRTALLQAADDSSVTHLMLFEPADMKYNVQQDHTKDPTLQEMTEVALRVVSRNPRGFYLFVEGGRIHGHDDKAYMALTEAGMFDNAIAKANELTSELDTLILVTASHVFSFGGYTLRGTSIFGLAPSKALDSKSYTSILYGNGPGYALGGGSRPDVNDSTSEDPSYQQQAAVPQASETHGGEDVAVFARGPQAHLVHGVEEETFVAHIMAFAGCVEPYTDCNLPAPTTATSIPDAAHLAASPPPLALLAGAMLLLLAPTLY		25.0
3.1.3.10		D3GGN3		MNKSLIAAAVAGAVLMSTAAQATAMKQISPGTTVDAASQVQKSQNDQQDKSQQCTKQQMKSKPNARVVNSARDQDTKIADIDSLE		45.0
3.1.3.10		Q1W5Y8		ETINEVTADSAINPERELKTKKTEKENAVKDYADEKAQTRTKTQALQKSQEESSQVVNVNAMN		60.0
3.1.3.102		F4HQA8		MAAAAMHTSAEFINLKPNMWKKNPVRASGSCCLGSSSGDEISRKRKLPILLFDVMDTIVRDPFYQDVPAFFGPKQLECKHPMWEFEKGDEEELARNFFIDRDFLEGLKECMRSYSYLDGMQELLQTLAADEIHAFTNIWFPSLAFHSLKRSFMSCLLSFHRYNIIEDKLLAYLSTFSCIAGRDEFYVVGHGVECIFDRPTNKCAIEIMGGLCFENSLAKDSLGINVSVKL		40.0
3.1.3.102		Q84MD8		SSNSKKLSSCLDLDGTNTDGVVGDILRKYLCKYKQWGRESLKIVKTPVEAATTIVEDYELPCKVENSEFLFSAQMDKIKSLPGANRIRHKHGVPVALASNSSRANIESIYHEGKEFSVIVGSDEVSGSDIFAAKRKKDALVESVPGMAGKAATKVIAVPSLPKQTHLYTSEVINSLIRLEKWGLPFQDWIENTLPIDPWHIGGPVIKGFGRGSKVLGIPTANLSTKDYADELVEHPSGVYFGWAGLAKRGVFKMVMSIGWNPYFNNKEKTIEPWLLHDFTEDFYGEELRLIIVGYIRPEANFSSLESLIAKIHEDREVAEKALDLPSYAKFKGDPYLTK		30.0
3.1.3.104		Q84VZ1		MAAHTSAEFINLNMKKNPVRASGCCLGSSSGDEISKRKLPILLDVMDTIVRPFYQVPAFFGMPMKQLLECKHMVWIEFEKLIDEELARNFFIDGRDFDLGLECMRSGSYLMLLQTAADDFEIHAFTNYIWYNIIEDKLKLSAYLWTFCCIAGKRFYLEVVGHGVECDFIDDRPTNVKCIEIGGGLCFENADSLAKDSDGINVSVK		40.0
3.1.3.104		Q9LDD5		MAEAIGAVSLVGHRPSIVRITVKNELKTQKSQSIVRFPVKVDYSAKGVLSHLMTQSVKKNRMSVFPIRLELTKEKKKDDRLPKTWNYLDSGADDSLPPENKADKPLHNPLLQERMGCGWLGAIEWEGVLIENPDLNQSWLTLAQEEGKSPPAFMLRRVEMKNQAISEVLCWSRDPVQVRRMAKRKEIFALHGGVRLRSFVNVMNNKIPMALVSTRRETLENAVGSIGIRKFFVIVAEDVYRGMFIYAAQLDFIERVFGNSNQTIEAHDGRKCVAVASKHPIYELGAAELVVRRDESIIDLKKLADTDLTEFEEEMEKEDERELPSSAVAVDDF		40.0
3.1.3.11		F9VMT6		MTIVISLAHIDTMAANKVASKEQILYYITHVLQITRELDTKVETNAKAAKDLGASSVLGIEEAIAIMAYLYKPVTGKLVYQGEAVMSAQEIDATPAVIRRYRNEDNLLAVVIRNLIKMILHLAAFPYVSQRDAKARLLGFNVKNRVPTLETRLNIVADMHMEPTTLIEKLKDRFKKESDVYKAKESIYAKEESQGHD		48.0
3.1.3.11		A3MSD2		MVVIVGFPAHKMLEYAAKREQRRVIYFVYNVISLTKEDNPEIGLETKVTEQKYKGKAILQFDEPLIAAAFLYKAVSELLVVEHKVYLKTEDASGTTGIVRKFRRADGAPAANVRSLIRMMASVIAHHAAKFYHIDPEKRIAIGPKMKVGAFQLHEYEAVMYVQVAQIADIMQPPEAKIAKIKSYPADQYEKQRRKYVEEAIKGTPVEHSQHD		100.0
3.1.3.11		Q8NKR9		MAVGDIIVIGWPSRQLVETEDVSKVEDTIFYVATCLQIKRVDSPDIGLKAEATKELGGKAVMGITLKVVTHMFIFRAIKMRWILEHKRVINTEELDAAKSVIKRYPKPGHPIPENEPVVVTKYEVEAIASLVPFSNVPMHQANPRVVAWQISPEKVPVLYAQKLEITEMHEPLETGVKRLTDRFEPIE		95.0
3.1.3.11		P9WN21		MTAEGSGSSTAAVASHDPSHTRPSRREAPDRNAMELVRTAGMAGRWVRDEGGGADELVSVSMRVVKHYNENGDGPECFIDTLMSKMTNAISLVADRGTMFDPSAVFNIAVGPDAHVLITAPISEIRAVAKVKDLSVRDMTVCILDRHAQLHDVRATARIRLITAGAISACRPHSGTDLLAGGTIIAAAIRCMGAIQAQAPRDDAERRKALEAYDLNQLTTEDLVSGENVFCTVDDLKVRYYPGGCTHSIVMRSKSGVRMIEAYRLSKLNEYSAIDFTGDSSAVYPLP		22.0
3.1.3.11		P0A9C9		MRREAIEFSRTSALGYKWLRDNTAGANIMLQVNIDTIIEYIKTGRGDAVIIERMTAMQANALALVGDKGCFLNAPDMELIVGPGKGTILNLPLADLRNVAAALGKPLSELTVTILAKHDAVAEMQQLVRVFAIPAASILTCMPDSEVDVLYGGAVVSAVIRALDDMNGRLARHDVKGDNEENRRIGEQELARCKAMIEAGKLRLGDMARSDNVISTIKDLEISRKGNIATETLLIRGKSRIRRIQSIYLDRKDPEMQVHIL		37.0
3.1.3.11		P21437		MMSAWPLFRTQALAWPQTCDNKIGLTQALDVAFRRVIHWIEKGDGPEVIIERMVAMQSNALAMFAPRDSLLHAPDMKLVVNRLAGAILSLPLTDLRNVAKALGKPLDKLRMVTLDKLSAAEEATQLVKVFALPAASVLTCWQDNPYDVMYTGAVISCAVKALGDMQAEIDFCQAKGDYTENRQIAEQERKRCKAMVDVNRYSLDELVRGNDILSTVGEVNIQQTANGVRQTLLIGGADQCNIIDSL		37.0
3.1.3.11		B1XLK5		MESTGLEIIEVQAISAKWMMEDTAQVEERMQIHMRRIRDYIEICTREDAKAYCNPDELIEIICENLVANQPGSMALISEKGGLFHAPDYKLAAPPAKGKVIRKSATEIKILSECLNRSPEELVIIVMDRHKDLKEIRATARVRLISSAAICAAFAGTNIHALMGAAVISAAMRCLGHFQGQIYDPADVNTPESADWNREENIKRLKSMVEDPDKYEAEELASGETVLACIPTMEVRLFHGGARQSLVISSQSMARFVDTIMWDNPQNIQL		30.0
3.1.3.11		P46275		MAAATASSQLIFSKPYSPSRLCPFQLCVFDAKSVLSSSRRKHVNGSGVRCMAVKEATSETKKRSGYEIILSWLLQQEQKGIIDAELTIVLSSISMACQIASLVQRNISNLTTQGAVIQEDQKIEVFSNCRSGRTGIIAEDVAVAVESYSNIVVSLAAVTSFIYSPNDECLPDFGDDSDDNTLGTEEQRCIVNVCQPSNLLACMSSVAFTIGKFVTLYFVTQENLQPKSGEFNYKLWDENLKKIDDLEPGPSGKPYSAIGLGDFLYGRDKKSKNLCASFIVQKGSDGHQRVDIQPTEIQVLYITEEEKVEKYLA		26
3.1.3.11		Q8RW99		MDHAGDAMRTDLMIRYVLNEQSKRPESRGDFTILLSHIVLGCFVCSAVNKGLAKLILAGETIQEEQKLEVFVKATSGRTCILVDEEATFIPSLRKCVVFICGVITFIYMVKDFETATLEDVLQPKNMVACMGSCTLSTGSNGTSLYITHPDIKPNKGKVNAKNWDGPTTKVEKCFPTDGSSPKSLIEMANVLFLGDKKSPNVVFSFLMQQAFTGKQRADLIPTKIESVFLYDDEDIKALYAAQEKTA		55.0
3.1.3.11		P09467		MADQAPFDTDVNLRFVMEEGRKARGTGELTQLLNSLCTAVAISSAVRKGIAHLYIAGSTVTDQVKLDLVMNMKSFATCVLVDKHAIIVPEKRKVVCSICLVVTFIYRKKSTDEPSEKDALQPRNLVAALGATMLAMDCNCMAIFIVDKDVKKKKGKLYARDFDPAVTEIQRKFPPDNSAPYGAVGMADVVFLANKKSPNLCNAYVMKMATTGKEAVDVIPTDIQAVILPDDLEFLKVYEKHSAQ		37.0
3.1.3.11		O97193		MDVRRTPTPTLQYIIKSQPPHSRGDFTLLMMAIQTSVVIEKNIRRGMKGMLYIAGQSAATDHQAIIAFKAYLSTSVCVLGEEQMIIASGRRDLIFSIANVVSWVWRLPKDTTINSVEDANAVIRMLKTDMVSAVGATNLTSGHDGTNIFITHPHISPKKRSVNYGKWEPWFKEIDYLMNKTTRYSAIGMGDILFCKDANQVELAAAMIVQKAVGSNGRIEQSITRLQTVYFRQEDLCMAFRDRNVKTEALAPTSSKL		37.0
3.1.3.11		P00636		MTDQAAFDTNIVLRFVMEEGRKARGTGEMTQLLNSLCTAVAISTAVRKGIAHLYIAGSTVTDQVKLDLVINVKSFATCVLVDKNAIIVPEKRKVVCSICLVITFIYRKNSTDEPSEKDALQPRNLVAALGATMLAMVNNCMAIFIVDRDVKKKKGSIYAKEFDPAITEIQRKFPPDNSAPYGAVGMADVVFMANKKSPKLCNAYVMKLATTGKEAVDIVPTDIQAIILPEDTELLEIYQKHAAK		37.0
3.1.3.11		A8IKQ0		MAATMLRSSTQSGIAAKAGRKEAVSVRAVAQPQRQAGAASVFSSSSSGAAARRGVVAQATAVATPAAKPAAKTSQYELFLTWLLKEEMKGTIDGELATVISSVSLACQIASLVNRGISNLTVAGNQVQEDQKVEVFKNCACGRTGVIAEDQPVAVETYSNIVVSIAGIVSFIYEPSEECPIDAMDDPQKMMEQCVMNVCQPSRLKCCLSSTIMTIGNFGTLVFVTHPNVQPEVGKFNYGLWDDSVKAMDSLDPKKWDGKPYSAIGLGDFLYGGDAKNKNLCASFIAQLGSTGQERVDVNPEKVQVLFIKKEEYLESFTKKH		25.0
3.1.3.12		G4RK44		MRLIVVSNRLPVTISPSGEIRESVGGLATAMKSFLGAVNGGRELGLEEVVWVGWSGVPSERESNDLRERLRGMGLEPVPLSSEEVEGFYEGFSNSTLWPLFHGFSEYATYEEKHWRAYRGVNEKYAKAVVALARPGDLVWIHDYHLMLAPAIVREAAEVGVGFFLHIPFPPAELLQLLPSEWRREILEGLLGSDLVGFHTYEYSANFSRSVVRFLGYKVEMGAIAVGHRRVRVGVFPIGIDFDRFYNSSQDPSVVEEMAKLREMLGRAKVVFSIDRLDYTKGVLRRVAAWERFLREHPEWRGRAVFVLVVVPSRTGVPMYEEMKRQIDREVGRINGELGELNWVPIVYLYRFIPSPTLMALYNIADVALITPLRDGMNLVAKEFVASKRDCRGVLILSELAGASKELAEALVINPNDVGGTAEAIAEALSMSEDEQCRRIRAMQERLRMRDVVRWGTDFIYSLISAKSAREEVEKALRYMEELSVDKLKSDFAKAKRRLLLLYGLVPHYPYPHMAVPDGDLLELLSRLAALPETAVYVVSGRGRDFLDGWLGRLPVGLVAEHFFLKHPGGEWKSLGKVDPSWRQYAKGIMEDFASNVPSFVEVKEAGIAWHYRNADETIAEKAVVELIDALSNALAGSGLSILRGKKVVEVRPAGYTGTAAKMLLDELSPDFVFVADETEGMFEVAPQSAYTVKVGPGPTLAKFRVGDYRGLRSLLEQLRPP		80.0
3.1.3.12		Q7WUI6		MRAENPVFFLYGLAPIAQRPEEAFPHPEAPRVLRALMERHPVYVVTGRRVRDLEPLLPLPGLPVVGGHLEEGVLFGEVRPLFPVDLGPLRARLPSCPVRVEDKGFALALHYRGAEDEEKARACLEAWLKAVEGLLEALGLEALPGKKVLELKPKGVDGQAVLRLLGRHPDHTPVYIDTTEAAFLALRGRGLTFKVGEGPTAAQGRLKDVEEVLAYLQTYLRPTSL		70.0
3.1.3.12		E9NR87		MRQPLAQLPAELESAIRRIAQTPHLLLALFGMAPIVEHAEDARPLPRTAAALAALSALEGTTTALVSGRALGSLRMVAAPPAPTLLVGSHAETWLGPDSPPLVLTAEQSATLELARAAVAQATSLYKTVAEDKPAGVALHYRLASKADGHAAVELVMEALSGNPAIHISTGKKVLEISVIKANGQSLVALREYTQATATLFADVTEHGFEVLRPGDVGIKVGKSQTHAEFRIPKPQDLPMVLELLLAARTNGRPHTT		30.0
3.1.3.12		A8NS89		MTETVTDQGKQRSSKLQKNEAAKDEQVEGKGKETLESGTDKSAEQNSSLLVGQPDVIDNDNVQTVDDFKNLMYKMQETRRAIVFALLNEKDLTKDDVEILKRAYEKLTDNQTHSFQREMCTLTTKLSVNIGDETRGLEKDLKYLDALMNIRREEPNLLWPIIMSRVDLFSILANYHPKGKETFLKEYEDTVKFLKTFISSEAITGKKPIFITWGMKDYCSQYATNLQPVYSAVGMTRFAASFTRISAVLTAGPLRGPGILDLTAMPIDGPVMFSGSWREWWLSGKRVVHQDGITDEGFNALQRLDDEMKDLLHTSDYAPFALVGSVQRKVDRLTLGVQTVCHHVTSELSNRYQMAVKERMHRVDPNSQILVFDPSTELEVEVVAHNSGIIWNGNGVERLIKSLGDSLQSPGKILICTLSIPMVRQAVKQNPDGVLAIFVGAKMSLREEVKQVIGDESRCCFVSCPDVIHAAMSQILNEHCIGK		37.0
3.1.3.12		A0A0E4GVV3		MPVSEPSVIIDPRRHDAVLFDPALDPPSALTAQLEQAGVRTGTFGSADDLGGFRAGRCVVVAANAQVAAAARDAGFALVIEDQSLGDVTVRTGDLRMSQLPDASQLLGEDLPARRPAVFFFGLSDIVNDPDSAQLVAGAADALQQLATRCPVAILSGRDLADVTARVGLPGLWYAGSHFELTAPDGTHHQNDAAAAAIPVLESAAAQLRERLGSIPVRVEHKRFGVAVHYRNAARDRVGEVTAAVRAAGQRDALRVTTGREVIELRPDIDWDGKTLHWVLGHLDGSAAVTPIFLDITEDAFDAVRPDGIPILVRHNDDGDRATAALFALDSPAAAADFVDRLARQLAGPR		37.0
3.1.3.12		A0A024JUE5		MPSVTIDPRRHDAVLFEPGLDAPRSLLAQLREAGVGIGSFASTEDLGDIRAGRCVVVAASAAVAAAARDAGFALVIAAQDLDGVAVRTGDLRMSQLPDASRLLDEDIRRPAVFFFGLSDIVDDPDSAQLVAGAADALRRLAARCPVAILSGRDLADVSARVGLPGIWYAGSHFELTAPDGTHHQNDAAAAAAPVLESAAARLRERLGPIPVRVEHKRFGVAVHYRNAARNRVGDVTAAVRAAGQRDALRVTTGREVIELRPDVDWDGKTLHWVLDHLDESTDVTPIFLDITEDGFDAVRDGDVQGIPILVRHNDDGDRATAARYALDSPAAAADFVARLAQRLSG		37.0
3.1.3.12		P9WFZ5		MRKLGPVTIDPRRHDAVLFDTTLDATQELVRQLQEVGVGTGVFGSGLDVPIVAAGRLAVRPGRCVVVSAHSAGVTAARESGFALIIGVDRTGCRDALRRDGADTVVTDLSEVSVRTGDRRMSQLPDALQALGLADGLVARQPAVFFFGLSDIVEDPDAAWLAPGALEALQKLAARCPIAVLSGRDLADVTQRVGLPGIWYAGSHFELTAPDGTHHQNDAAAAAIPVLKQAAAELRQQLGPFPVVVEHKRFGVAVHYRNAARDRVGEVAAAVRTAEQRHALRVTTGREVIELRPDVDWDGKTLLWVLDHLPHSGSAPLVPIYLDITEDAFDVVGPHGVPIVVRHTDDGDRATAALFALDSPARVAEFTDRLARQLREAPLRAT		37.0
3.1.3.12		A0A016VAH2		MPVLASASSLRDSTEGSCVRDCDSGFFEGRMSSGSEEAQCVEAFKRMLYTMQNVRRTIVERILNECEVDEADVDALDKALQELTDSRTSGEMRHISTPAANFPINIRDEIRGLRDAVILSSSAPDTRRKDCEFLHRLSKVTSKSPMIENALDQIQLDTILAPYHPESPKKFEEELQDAERFLMDFVDSAYSGVKPLLVTWGMKDYCSQYATNLQTKLDLVILSESLQPVYSAVVMGRFAELFTRATAVLTAGPLRGPGILDLTALPINGPVLFSGSWREWWLRGRRVVHEDGISEEGFDAIGRLSDEMTDLLEDSSFAQFALVGSVQRKVDRLTLGVQTVFGHVPLELVVRYIDAIKERIHRVDPNNANLVLENSSPLEIEVCAHNSGAVWNGDGVASLIESLHDSLKNGKVLVATTSLPMLQHAVSENPDGVMALFVGAGESLRESVQSIVGDESRVCFVSCPDVVHAAFARVLAAKVELD		22.0
3.1.3.12		A0A1S1GKD7		MGTNRPLVFVLDLFQTSRKMVEGTPRTTATLDVHGQPNGYMNPIQHSFISWLLASADVVPVTARDVEAYSRVKLPFTEGAICSHGVMLHSDGSLDQDWHGQMAKSLWAFQDRLPALSEATLRIGKDMGYSLRWVVEEEGLRHYVVTKQNESDDAVLSKVLAEVQARGMLEGMHIHANGNNLAFLPKGLARLAVQEWLRRDAKINGDRPVLGFSITLGFMGLCHMWATPARSQLAKAVEEMIIE		22.0
3.1.3.12		A0A1V0M5M0		MSSNRPLVFVLDLFQTARKMVEGTPRTTATLDVHGQPNGYMNPVQHSFVNWLLASADVVPVTARSVEAYSRVKLPFTEGAICSHGVMLRPDGTLDQDWHGQMAESLWTFQDRLPALSEATLQIGKDMGYSLRWVVEEEGLRHYVVTKHNESDDAVLSKVLNEVQARGMLEGMHIHANGNNLAFLPKGLARLAVQEWLRRDAKINGERPVLGFSITLGFMDLCHMWATPARSQLAKAVEEMINE		22.0
3.1.3.12		A0A1S2B2X3		MAEPLPLRPPPPLLDDACALFLVGLIEFAARPDAVQLLPDVREAIGRISDRLEGAVALVSGRPLEQLDQLFAPLKLPAAGLHHELRGEDGRVLRDEHDDDTAEWLHALHQQAMRFAHGHPVLVEDKGVGLALHWRGAPHAASDVRAFADRHVRGRASYRLQPGDHVVEFVPVGTDGRAVRRMMQYLPFRGRLPVFLDLTEFGFDAANGQHGWSVLVGEREPSKAVFALPDIRSVHAWLRENAY		22.0
3.1.3.12		A0A0B2V3X6		MTVMAAESNRAPKTKEDSRCADEEHAHKEDCVPQNAEKRPSEVSAAESGTGSVNTIQTVDEFKALMYSMQSVRRQIVAAILSNNELENEWIETLNRTYAKLTDSNTKAFQREMSTISAKLSINIKDETTGLMKDLLYLDRLKAARSENRSDSWPETLAKVDLISILAPYHPTSEQKFLEEFEGCLRFLRSFAESNTNGRKPIFITWGMKDYCSQYATNLQPVYSAVGMTRFASRFTRLSAVLTAGPLRGPGILDLTAMPIDGPVLFSGSWREWWLGGRRVVHEDGISDEGFDALQRLNDEMSNLLHTGDYSQFALVGSVQRKVDRLTLGVQTVYGHVLPELSHRYQDAVKERMHRVDPQNHILVFDPSTELEVEVVAHNSGVVWNADGVDRVVSTVGDSLETPGKVLVCTHSLPMVRQAVARNPEGVMALFVGLNEKLRESVRHLVGDQSRCCFVSCPDVIHAAMAELLNQKRSTE		22.0
3.1.3.15		G7J7Q5		MLLSQCHLLHSKIPNIEKNNPFRNQYQLQFQPNKLTSPLLLSSSSPKFRIRAMSSSSSPPHQLNHFSDVNKAANAGDVIRKYFRKNNFDIIHNDLSPTIQSAEAMVSVILDNFSHAVYKGWRCKQDSADYVVLIKSFITKPLFGTLILQNGTPILIIDQVLKERIGITKRTTLNQEVSTRTCADLSQAYLYTTSPHLFSGDAEEAFIRVRDKVKIPLYCDCYAYALLSSFVDLVVESGLKPYFLALIPVIEGSVITDWKGHQLRWEASPLSITSFNVVAAGDKQIHQQADSQW		22.0
3.1.3.15		Q8NS79		MIKTITKTFVIAHDQDSDEHLQALVYNGRLAWRMRENGVDTDYTSVSDVTDRAAAFVAGVLEALREDGVLGADRASKSGKTVIVYNFTQSDYWCSALVEGDPSAPSRVLFAVHRAMGYTFGGPIRTTLDKELDLLVDAPLNQISLATYIHPSRIAEPDIQKAWMSVATHPATLRMFAGSIDLANIADSIGAWVQHSVADWWLPGRALIEGVACIKVTAGGVEWSVAGNAEVSEISETSAD		30.0
3.1.3.15		Q8NS80		MSKYADDLALLELAELDSITLDRFEASDLEVSSPDMTPSDLATEALREKIATARADSILFGGDVEFSGRQIIIKNYVRVPVWATLILDNGKPVAVISAALARRWASEAGAWRTFNSSPRKLSVSQVSKLDDASLSFSSLSGWAERDLRDQFVSLTDTTWRLRGYDFFSYCLVAEAVDIAAEPEVSLWLAPLSILVTEAKFTSLAGVDGPHGGDAVTNGILHDETDRK		30.0
3.1.3.15		P95189		MSHDDLMLLALADRDELTRVRFGALDLRIDTPDLTPTDRAVSDVRQTLGRDRGDGVLFGGSTTFTGRQIVIKNFVRVPVWASLILEDGVPSVVVSAALQRRWAARRGAFASVDARPHRLSVSSVAELHSASLSFSSLSGWARPGLRERFIGLTDTVWRVRAYDFLSYCLVAEAVDIAAEPQVSVWLAALDIVVREARLTSLDGVAGPHGGSAVTNGLLHDEVTRNAG		37.0
3.1.3.16		O15920		MKNCELSKRDLIFNNVINTKNNLKRLNKNVKGDLTYAQKKPKDTSLIIEEDKDEDSELDCGQSEKKYKISNGEEINNTFPNFNKEGNYNIYDNLSVKELSDEEVSSENGYNKKIKKNVLNNPINNQNSIELYTKTSINDEQNYKNINEQNNNSSGKISYNVDEWICKLLKCELLKIEEVKLMCDLLIGILKNEENCVRINVPVTVAIQFFDLLELFHIGGLPPDVNYLLYVGYYSCCFCVACFKIKYPSRVTLLSRQITKVYDCIRKYNNNNIVWKYLTDVFDYLPLTAIINDEIFCDISPCLQTIDEINKLDRFKEIPQDGAICDLSAGPEDEITEGWKPSPAGVLFSEEKTESRMNKLSCICAQLVQDGFQWMHNDKVVIAPNYCYRCGNCASLMLVDEFMEKDFITFNTAPLRANAQALRRNVQYML		38
3.1.3.16		Q9U493		MSKKSKDTKLIILVQLHDVLWLFNRFGIPSSTNIYINIAGENATIFILFIFKLSCNDSVIINCSYMNEVYNVLSKYDNTIFDLFQNIFELLGLAVNVQNQIFVVLSRYQDITLKEIDELDRKKQEILHPEQYEDIVIFDLSQKKEGIGGNANNCITFGPDVTEMKNNNLDILISQVPKTLKGIESHHEGKCILASNYCNKIKNLGAAIIFNQDLTFEVQEYMSPSLEVIRETFEENQKLREKVLHCSKIVELEKNVST		38.0
3.1.3.16		Q4JAD1		MNIEETYELLEKSKDIFRQQGPFIGEYKEDKVVFVTAINVTEYVFRKFYDNVDLIVLYVEPQTGVNLSILKKLIESDENKGKTKIVVLSPLTNFHFELKIKTEDAENAYEKFRDLFSYMPYSVLVNGYLCMLPATLEGDRLGITTVEDIAKLKYPDINPDDPVGLQINRDGLLDIDFLPSIEGIYYFGERVTNESYNNFKGIIGEAVDGFRTNMNGKVIVSVYHGQRSGILYHDYNNNKFVRIYIKMVNDQLIEEIV		70.0
3.1.3.16		O08367		MQRELPRLLEDAVEVLRRRGPVVRLGAGSVLVATYPEVSRWVLGLADELGVDAVVLYVGPRGVNLSLVERLLAEPGRVVLLSPSMNLYRGFAAKVGVEHLDILHGFYSCLPYAALMGRVLLVVPCRECQGGPEEPLRLGEIEERLRGLFCRRWLLEWGDSVAVQLNRGELDWFAPSLPGIYYYGRLAWKGEANGLELIVAEAVDAHHVWTSSGRPVHGLEHGYTMGLEELRGSVVVSLYHGAGAGALLLREGEVVFLRYPGGAQGL		90.0
3.1.3.16		D5HRC1		MGSNSSKSAPTLQRSDTNNSTRSTRSNRSIRSRRSISSIKDSQQQQSDSQQQQQQEEEEQSQSQSQQRPQPILSRNNSATSENPILIRRNTNETLQTPNFSDTLSPHSHSQQQQQQPGSPLSTSMNGNTISRTSTNHSIISTTSHKSSSQQSNLPLKKETTTSSLSTNSNTIDIDSLIDKLLNAGFSGKRTKNVCLKNTEIELICASAREIFLSQPSLLELAPPVKVVVQYHDLIRIFSKCGFPPKTNYLLYVGKQSLTILLLCYKIKYPENFFLLCANVTRVYDCKRRCNIKTWKLFIDTFNTLPIAAIVAGKIFCVLSPVLNSMDEIRNIARPTDVPDFGLLNDLSADTINEWEDNEVSYVFSKVAINKSKFNFDLVCAMVVEDGYEFFNDRTLVVAPNYCGEFDNWGAVMGVSEDLLCSFELLDPLDSAALKQVMKKEKQERKKST		25.0
3.1.3.16		Q4A6S8		MISLKSISITAYKKDRSFEDDFLVALVCLHDAETAKIFTNQFSKNFSYISFQTSLLKNVVNLVKKRFKDIKSFSKERTGVLLKKIQKIVFCYFYTKEKKLVIQYEKSISLKSNKGRLLSVLSLNKTFNIYDLDQIDYAKVKIITAHEFSEFKAELKSSSEKIVNSEIQKNDSTSCIVIKLG		30.0
3.1.3.16		Q8KY51		MEISLLTDVQKTNQYNYVRAGRTMIILARANSMAVTDLGVAWVDTQIDTVNVREFAHYLEIENQKIHQGQEAYRGEVLAIDNQAYAIGLIRGEEYHLSLVEKQLTPEAHQKNIIQSIGQDEQPDFGTVILESGYLLDLTNMGSIRDIVTDIPLADKTETRFNNAGGLTVALVSMNEDAE		37.0
3.1.3.16		Q8X270		MPSAKFDRVAFSRMPAERELDEVARDFDAVVDYLPSLDEWEKRGVVHGFTVELLRIEERVREGKVIMLSVGVAWMYSRGLLRLMKEQMEVLKELERI		80.0
3.1.3.16		Q4JB88		MYVKKHVGSAIPYTQDEIIGWINEGVKRLPEFIDEAWGSLEYISVLKSFNIYYSGRENFYKLRKDGNVVITILASYVLEENMAEIEVQYELFVFKVKMKDKWKIL		70.0
3.1.3.18		P19881		MTAQQGVPIKITNKEIAQEFLDKYDTFLFCVLWLGQAPYTEINLLKQLKQLFNSTKSRLYTKKFASFIDKEEQFTSYASAVYIRDFLKLQPGKDKVWFESGIGEELKLMGESGGADSRLDTPDAAKSPFLVNGLDKDVSCVIALTKNYHRLTQYLQKDSVHFVGTNDSTFPQGYTFPGAMIESLAFSSNRRPSYCGKPNQNMNSIISAFNLDRKCCMVRLNTMKGVEGLGGTLLVLSGIETEERAKISHPRPKFIKLGDIYTLTNNEL		37.0
3.1.3.18		A0A6B9TIA7		MRAIAVITITDSRKCISARARGAERKLTVIGVLCFAMTSVLIGTSGVAENGGVYSDDIRLDIEKAETANHREIHPVRKVQSDLRLSEVAITREIPVQAREALEGDEVDTGFALDPQVKLLVAESMGIEMSIMAIGENDEFERAGSVAVANAAPELEMADTAGKYDVREAIHKFAGVDI		50.0
3.1.3.2		A9XDF5		MPKYKLSASIAFSLLMSHQAYAHDEAFDKLSTKIQSQWYQHLDAQVVTPFPKKGTLEAEVDRKISWDMQNNTTAERLALAKEDKNQSFAHVSHEFRKSALKEFAPHITDEQFVNIFKNLVLSANAIYSDDFNVGRMRAYDFILKDKYLRGRPYQVMDREGNYIEGYENLKTYIDSQGRERKNSSYPSGHTSNGFGQAVVMAMAFPERGQEVFSRAQYGESRVIVGAHFPTDTMTSRLARYYMAQLLNDDEIAQGLVRYIKQARQPEESCQNAPLKSCLEMLPQDLHEQYKASDYQIGYYTLKSDEKASRLKEEMSTAGALLRLRFNYLDGDARRQVLASTAYPKNSHAHMGDLDNKNHTWGLINLPKAYDGISHIQDIETTTQDKHLDFAGFSLEDTKNDISGTGRLILNHPGELTLGNNTFAGATVKQGHLKFTGNNALADDSYINQGTMSVTGQFQSKVVLNHDAKMMIVGQSDQTTVQEIELSAKDSWIYVPKGVFQVNANSQENNTTTDSQISIQTLSGVHVMVEDHSNLHIDKLSGETIFAINPSDAPVKINELKGRHGVGIPSHISKDKNHQSLLKVDNNQGSFYLIDTNNNVVDAAEQGAYAYQLVMRPNNTLQLSQFANDNSPIASSMTKTALNTGMGSLYTLSSQMNHLGSMNNRQSVWLNHRYQENNIKSHNTQFDLKLNQTTLGAGSKVGQTYLGAYINKSEGDVDHVFGGKNDLDATGFGVYLNRLLPNQQEIFLQGAWQNVRQKIHAKQANHDNLTASIKDNTWAIVLGAQQQMKFHNVDFQPSFEIGHIQTNPKSFRYDQMPNLQINPKKASMTTVNIGTKISKNYGLLQPYLKAKMFYQDTKQDLNIIDMNNEVSWWSTDLSGFGFAGALGVTSQINSRFFISGEASAQYQEEVKTPIEAKLSLNYQF		37.0
3.1.3.2		A9XED1		MPKYKLSASIAFSLLMSHQAYAHDEAFDKLSTKIQSQWYQHLDAQVVTPFPKKGTLEAEVDRKISWDMQNNTTAERLALAKEDKNQSFAHVSHEFRKSALKEFAPHITDEQFVNIFKNLELSANAIYSDDFNVGRMRAYDFILKDKYLRGRPYQVMDREGKYIEGYENLKTYIDSQGRERKNSSYPSGHTSNGFGQAVVMAMAFPERGQEVFSRAQYGESRVIVGAHFPTDTMTSRLSRYYMAQLLNDDEIAQGLVGHIKQARQPEESCQNAPLKSCLEMLPQDLHEQYKASDYQIGYYTLKSDEKASRLKEEMGTAEALLRLRFNYLDGDARRQVLASTAYPKNSHAHMGDLDNKNHTWGLINLPKAYDGISHIQDIETTTQDKHLDFAGFSLEDTKNDISGTGRLILNHPGELTLGNNTFAGATVKQGHLKFTGNNALADDSYINQGTMSVTGQFQSKVVLNHDAKMMIFGQSDQTTVQEIELSAKDSWIYVPKGVFQVNANSQENNTTTDSQISIQTLSGVHVMVEDHSNLHIDKLSGETIFAINPSDAPVKINELKGRHGIGIPSHISKDKNHQSLLKVDNNQGSFYLIDTNNNVVDAAEQGAYAYQLVMRPNNTLQLSQFANDNSPIASSMTKTALNTGMGSLYTLSSQMNHLGSMNNRQSVWLNHRYQENNIKSHNTQFDLKLNQTTLGAGSKVGQTYLGAYINKSEGDVDHVFGGKNDLDATGFGVYLNRLLPNQQEIFLQGAWQNVRQKIHAKQANHDNLTASIKDNTWAIALGAQQQMKFHNVDFQPSFEISHISTNPKSFRYDQMPNLQINPKKASMTTVNIGTKISKNYGLLQPYLKAKMFYQDTKQDLNIIDMNNEVSWWSTDLSGFGFAGALGVTSQINSRFFISGEASAQYQEEVKTPIEAKLSLNYQF		37.0
3.1.3.2		A9XED2		MPKYKLSASIAFSLLMSHQAYAHDEAFDQLSTKIQSQWYQHLDAQVVTPFPKKGTLEAEVDRKISWDMQNNTTAERLALAKEDKNQSFAHVSHEFRKSALKEFAPHITDEQFVNIFKNLELSANAIYSDDSNVGRMRAYDFILKDKYLRGRPYQVMDREGKYIEGYENLKTYIDSQGRERKNSSYPSGHTSNGFGQAVVMAMAFPERGQEIFSRAQYGESRVIVGAHFPTDTMTSRLARYYMAQLLNDDEIAQGLVRYIKQARQPEESCQNAPLKSCLEMLSQDLHEQYKASDYHIGYYTLKSDEKASRLEEEMGTAEALLRLRFNYLDGDARRQVLASTAYPKNSHAHMGDLDNKNHTWGLINLPKAYDGISHIQDIETTTQDKHLDFAGFSLEDTKNDISGTGRLILNHPGELTLGNNTFAGATVKQGHLKFTGNNALADDSYINQGTMSVTGQFQSKVVLNHDAKMMIVGQSDQTTVQEIELSAKDSWIYVPKGVFQVNANSQENNTTTDSQISIQTLSGVHVMVEDHSNLHIDKLSGETIFAINPSDAPVKINELKGRHGVGIPSHISKDKNHQSLLKVDNNQGSFYLIDTNNNVVDAAEQGAYAYQLVMRPNNTLQLSQFANDNSPIASSMTKTALNTGMGSLYTLSSQMNHLGSMNNRQSVWLNHRYQENNIKSHNTQFDLKLNQTTLGAGSKVGQTYLGAYINKSEGDVDHVFGGKNDLDATGFGVYLNRLLPNQQEIFLQGAWQNVRQKIHAKQANHDNLTASIKDNTWAIALGAQQQMKFHNVDFQPSFEIGHIQTNPKSFRYDQMPNLQINPKKASMTTVNIGTKISKNYGLLQPYLKAKMFYQDTKQDLNIIDMNNEVSWWSTDLSGFGFAGALGVTSQINSRFFISGEASAQYQEEVKTPIEAKLSLNYQF		37.0
3.1.3.2		A9XED3		MPKYKLSASIAFSLLMSHQAYAHDEAFDKLSTKIQSQWYQHLDAQVVTPFPKKGTLEAEVDRKISWDMQNNTTAERLALAEEDKNQSFAHVSHEFRKSALKEFAPHITDEQFVNIFKNLVLSANAIYSDDSNVGRMRAYDFILKDKYLRGRPYQVMDREGNYIEGYENLKTYIDSQGRERKNSSYPSGHTSNGFGQAVVMAMAFPERGQEVFSRAQYGESRVIVGAHFPTDTMTSRLARYYMAQLLNDDEIAQGLVRYIKQARQPEESCQNAPLKSCLEMLPQDLHEQYKASDYQIGYYTLKSDEKASRLEEEMGTAEALLRLRFNYLDGDARRQVLASTAYPKNSHAHMGDLDNKNHTWGLINLPKAYDGISHIKDIETTTQDKHLDFAGFSLEDTKNDISGTGRLILNHPGELTLGNNTFAGATVKQGHLKFTGNNALADDSYINQGTMSVTGQFQSKVVLNHDAKMMIVGQSDQTTVQEIELSAKDSWIYGPKGVFQVNANSQENNTTTDSQISIQTLSGVHVMVEDHSNLHIDKLSGETIFAINPSDAPVKINELKGRHGIGIPSHISKDKNHQSLLKVDNNQGSFYLIDTNNNVVDAAEQGAYAYQLVMRPNNTLQLSQFANDNSPIASSMTKTALNTGMGSLYTLSSQMNHLGSMNNRQSVWLNHRYQENNIKSHNTQFDLKLNQTTLGAGSQVGQTYLGAYINKSEGDVDHVFGGKNDLDATGFGVYLNRLLPNQQEIFLQGAWQNVRQKIHAKQANHDNLTASIKDNTWAIVLGAQQQMKFHNVDFQPSFEIGHIQTNPKSFRYDQMPNLQINPKKASMTTVNIGTKISKNYGLLQPYLKAKMFYQDTKQDLNIIDMNNEVSWWSTDLSGFGFAGALGVTSQINSRFFISGEASAQYQEEVKTPIEAKLSLNYQF		37.0
3.1.3.2		A9XED4		MPKYKLSASIAFSLLMSHQAYAHDEAFDKLSTKIQSQWYQHLDAQVVTPFPKKGTLEAEVDRKISWDMQNNTTAERLALAEEDKNQSFAHVSHEFRKSALKEFAPHITDEQFVNIFKNLELSANAIYSDDFNVGRMRAYDFILKDKYLRGRPYQVMDREGKYIEGYENLKTYIDSQGRERKNSSYPSGHTSNGFGQAVVMAMAFPERGQEVFSRAQYGESRVIVGAHFPTDTMTSRLARYYMAQLLNDDEIAQGLVRYIKQARQPEESCQNAPLKSCLEMLPQDLHEQYKASDYHIGYYTLKSDEKASRLEEEMGTAEALLRLRFNYLDGDARRQVLASTAYPKNSHAHMGDLDNKNHTWGLINLPKAYDGISHIKDIETTTQDKHLDFAGFSLEDTKNDISGTGRLILNHPGELTLGNNTFAGATVKQGHLKFTGNNALADDSYINQGTMSVTGQFQSKVVLNHDAKMMIFGQSDQTTVQEIELSAKDSWIYVPKGVFQVNANSQENNTTTDSQISIQTLSGVHVMVEDHSNLHIDKLSGETIFAINPSDAPVKINELKGRHGIGIPSHISKDKNHQSLLKVDNNQGSFYLIDTNNNVVDAAEQGAYAYQLVMRPNNTLQLSQFANDNSPIASSMTKTALNTGMGSLYTLSSQMNHLGSMNNRQSVWLNHRYQENNIKSHNTQFDLKLNQTTLGAGSQVGQTYLGAYINKSEGDVDHVFGGKNDLDATGFGVYLNRLLPNQQEIFLQGAWQNVRQKIHAKQANHDNLTASIKDNTWAIVLGAQQQMKFHNVDFQPSFEIGHIQTNPKSFRYDQMPNLQINPKKASMTTVNIGTKISKNYGLLQPYLKAKMFYQDTKQDLNIIDMNNEVSWWSTDLSGFGFAGALGVTSQINSRFFISGEASAQYQEEVKTPIEAKLSLNYQF		37.0
3.1.3.2		P26093		MKTTLKMTALAALSAFVLAGGSHQMKSGHANMQLQQQAVLLNWMQDSGEYKALAYYNAKVAFDHAKVAKGKKAVADLEMLDSPAGWQVQNNKPFDGKDWTRDARQSRVGAVEFNNYVNSHNGKVFYVTNKDSTEKSGTIDDMRLFNGVEESAFYLKKDKSAAARFAEIEKQEVLYVNLDFGNTVYGKLNADRAVDQNQGKFGKTFIMLPNANYGGWEGGLAEGYFKKDTQGQIKARLDAVQAWDGK		25.0
3.1.3.2		O49855		MKVLVFFVAIVLAAWHCHGSDHDHDHGHTYQIFPLRMKTGHGGHYIPEVSQSWRLGVAHNVIDWKTVPQDCEGYIGNYMLEQYRSDSKIVNQYFYKTLNITATAWFDIETLSLPYADHGFGVELYNETSFNKDLGEAPLESLKLYKKLLSLGIKIVFITGPLDQKAVTATNLNLLAYHTWEKLITKNTSEYHGKTAVTYSTERKKLEEKKIGNIQWSLLGTNTGDTKLPDPMYYIS		37.0
3.1.3.2		P10742		KVLVFFVATILVAWQCHAYDMFPLRMNTGYGARTPEVKASWRLAVAHNIFGFETIPEECVEATKEYIHEQYRSDSKTVNQYFYRDLEVHPDTFFSIGVLSIPYKKHGYGVEKFNSTLYDENKGNAPLETLKNYNKLVSLGFKIIFLSGTLDKQAVTEANLKAYHTWEKLILKDPQDPSTPNAVSYTAAREKLIRQNVGIIQWSLLGGHRGESTKLPNPCTTFSSSFTSQQSSLLPIYLYVIRCVQIGALASLYVVSAVCQQVM		37.0
3.1.3.2		B9VWB2		MKQFKLSVIAVSSLVLLAASNQQAVQANQAKLQQQVAMLIWTQQSGEYAALAHFNSKMAFDHAKAKKGKKAVVDLEMIDSAAGWQVQSGQGFSPKTWTKDARQSAIGAVEFSNYVNANGGTMFFVSNRDDVEKAGTVDDMRLFTGVNDKTLLLKKDKSNSVRFKQVEDMDVLFVNLNFGDATYKKSNAERDVAKNSKAFGKKFIVLPNTQYGDWEGGLDKNYFKGDSQSKLDVRAKAIHAWDGK		37.0
3.1.3.2		Q764C1		MERVQTMLLKFVASFLVSIRDGSSEWPAIHEAAKYDVIPPNHQGTSEKFQTSLETVTNFYEKVEGKRISDSSEEKDASKITNLSEIQSGAETCREYNDVGLHAYMYMVVNLYTTLNSNPLAVRHPFVMQKRDEKVLNGASSVFSIKYVIYFIDTNRYLPKVQSKFLYSEIHNDKKPTFVLHQY		30.0
3.1.3.2		Q9ZS50		MGASTGCYLAVAAVMNAAIKVEKTMSDVRPHVMVVSSKVWSENQHKKVAKNIRTYFNTTRNNEVINTTSTEGVPTLSDNRTERNPIKGQASNPNHDNVQTFAEITKPTKHVKGTETFSIKYAYGKEPKNTESWYNYTVMYPVQHLVEIVAVECTVRQILTNMTFADYSHQYAEAMWVSRFHPVDDSTTTKL		37.0
3.1.3.2		E9KPK6		VSSVLANVFLLSLLPLGSLAVAAEKASSFAGSTTSFVFPPNGTAVPTTFPDTQVGGPTTDEAAIETAPALAKVDTIYPLVSPVAAGESASTFVAKYWNLSMYVDSVLDTPLISLNVHLHATGGPAPFAALLHNTTLAGGVSASAETWYKLGAEITFGRQLFNLGVGRVDLLKGFELVWRTTDRMVSLHAAFFGVRTYQSDYQVIIIEASFNAPYESASNANNAVSAIGSTAAANWSAIKAVQPSITDILYQMQLMPTVLKFGLEWKGFESIEFWGSQPTASAQIGYVQELVARTKTPLSTFDNTVNSTLDGNNITFPVQPIYVDAVSTIVVAMNLTSMASEGPPLDKIEKQSYIVQISFSLVGQVLSPTSDVSHIWLLLTGIGKENKDGLLDVIKGLQIEEVVHDTANYTVPPDNIVDGQYPSLRKTST		40.0
3.1.3.2		P24031		FKSVVSVLAALVATILELDVAIGTQEIFPFLGAGYFFPGDYIRDLEMKLQMAEYSKATIMKTWYKLSNYTRQFNSSDDYEFFIRDDDDLEMETFANSDNVNYTGMDAKRHARELAYMFENQSFIFAASRVHTQYIDLGDQFISLQTVSEAMSAASAGNAGWDEDANDDILDKYDTTDIANKENSKDANTLFAWALNRDVDIDLVRYSGQVSFQDYDMIRSVANLFNATLKLKQSETQLKVWLSFDLNYLTTAGIIDDKNNTAEYVFMGNTFHKWYVQAVYTEKFQSNDYVYIVITSTGPGFSINDYDYAEVAGTLKVNVSSVSNTELTFYWDWNTHYDLLKQ		37.0
3.1.3.26		Q96VK8		MHLGFVTLACLIHLSEVFAASVPRNIAPKFSIPESEQRNWSPYSYFPLAEYKAPAGEINQVNIIQAFPTSGAATRIKAGLSKLQSVQNFTDPKFDIKSFTYDLGTSDLVPFAAQSFDALEVFARSKVSSDNLPFIRSDGSDVDTATNWTAFASASRNAIQPKLDLILPQTGNDTEDNMPAAGESDPQVDAWLASAFPSVTAQLNAAAPGANLTDADAFNVSLPFMTVSKEQKDFTLFEGIPGSFEAFAAGDLDKFGTGYQALGPVQVGYIELLARLTNSAVNDNTQTNRTLDAAPDTFPLNKTMYADFSNLMVAVFSAMLFRQSAPLSTSTPDPNRTWLTSSVVFSARMAVRLSAGTTKVLVQQVQLEFCGGDQDGLCALDKFVESQAYARSGGAGDFEKLATTV		42
3.1.3.26		Q96VK9		MLFGFVALACLLSLSEVLATSVPKNTAPTFPIPESEQRNWSPYSYFPLAEYKAPAGQINQVNIIQAFPTSGATTRIKAGLTKLQGVQNFTDAKFNIKSFKYDLGNSDLVPFAAQSFDAQEAFARSKVSKNNLPFIRADGSDVDSATNWTAFASASHNTVQPKLNLILPQTGNDTEDNMPAAGDSDPQVNAWLAVAFPSITARLNAAAPSVNLTDTDAFNVSLAFLTVSKEKKDFTLFEGIPGSFEAFAGGDLDKFGTGYQELGPVQVGYVELIARLTNSAVRDNTQTNRTLDASPVTFPLNKTFYADFSNLMVAVFSAMLFRQPAPLSTSVPNPWRTWRTSSLVFSGRMVVRLSFGTTKVLVQQVQLEFCGGDRNGLCTLAKFVESQTFARSDGAGDFEKFATSA		42
3.1.3.26		Q96VF5		MAFSILASLLFVCYAYARAVPRAHIPLRDTSACLDVTRDVQQSWSMYSYFPAATYVAPASQINQVHIIQAFPTSGAAKRIQTAVAKLKAASNYTDPLLAVTNYTYSLGQDSLVELATQSSEAQEAFTRSSVSADELPFVRASGSDVATANNWTAFALASSNSITPVLSVIISEAGNDTDDNMPAAGDSDPQVNQWLAQFAPPMTARLNAGAPGANLTDTDTYNLTLPFETVATERREFDIYEELQAEDAFANADLDKFGTGYQPLGPVQVGYIELIARLTAQNVSDHTQTNSTLDSSPETFPLNRTLYADFSNQMVAIFSAMLFNQSAPLDPTTPDPARTFLVKKIVFSARMVVRLDGGAQSLLVNAVQLAFCGADTSGVCTLDAFVESQAYARNDGEGDFEKFAT		42
3.1.3.26		Q96VH9		MVSSAFAPSILLSLMSSLALSTQFSFVAAQLPIPAQNTSNWGPYDFFPVEPYAAPEGTVTQVNLIQAWPTSGARSRQVAAVAKIQMARPFTDPKYELNDFVYKFGVADLLPFANQSHQTTDMYTRSTFEGGDVPFVRAAGDQVDSSTNWTAFGDASGETVLPTLQVVLQEEGNCTCNNMPNEVDGDESTTWLGVFAPNITARLNAAAPSANLSDSDALTMDMPFDTLSSGNAPFDLFTAEEYVSYEYYDLDKYGTGPNALGPVQVGYVELLARLTGQAVRDETQTNRTLDSDPATFPLNRTFYADFSNTMVPIFAALLFNATALDPLKPDENRLWVDSKLVFSGHMTVKLASGKEAVLVNAVQLEFCGGVDGVCELSAFVESQTYARENGQGDFAKGFVPSE		52
3.1.3.26		O00085		MGFLAIVLSVALLFRSTSGTPLGPRGKHSDCNSVDHGYQCFPELSHKWGLYAPYFSLQDESPFPLDVPEDCHITFVQVLAASPTHSKTKAYAATIAAIQKSATAFPGKYAFLQSYNYSLDSEELTPFRNQLRDLAQFYERYNALTRHINPFVRATDASVHESAEKFVEGFQTARQDDHHANPHQPSPRVDVAIPEGSAYNNTLEHSLCTAFESSTVGDDAVANFTAVFAPAIAQRLEADLPGVQLSTDDVVNLMAMCPFETVSLTDDAHTLSPFCDLFTATEWTQYNYLLSLDKYYGYGGGNPLGPVQGVGWANELMARLTRAPVHDHTCVNNTLDASPATFPLNATLYADSDSNLVSIFWALGLYNGTAPLSQTSVESVSQTDGYAAAWTVFAARAYVEMMQCRAEKEPLVRVLVDRVMPLHGCPTDKLGRCKRDAFVAGLSFAQAGGNWADCF		70.0
3.1.3.26		Q96VT0		MSLFIGGCLLVFLQASAYGGVVQATFVQPFFPPQIQDSWAAYTYYPVQAYTPPKDKITQVNIIQAFPTSGAGTRIQAAVKKLQSAKTYTDPRLDLTNYTYTLGHDDLVPFALQSSQAEETFQRSFVSKENLPFVRASSSNVDSATNWTEFSAASHHVLNPILFVILSESLNDTDDAMPNAGSSDPQTGIWTSIYGTPIANRLNQQAPGANITAADVSNIPLAFETIVKETPPFNLFTPEEFAQFEFGDLDKFGTGYQPLGPVQVGYIELLARLTEMPVRDNTQTNRTLDSSPLTFPLDRSIYADLSNQMIAIFSAMLFNQSSPLDPSFPNPKRTWVTSRLTFSARMVTRLLQRDGTGSGGPSRIMRNGNVQTFILVNALQLKFCGGDMDSLCTLEAFVESQKYAREDGQGDFEKFD		50.0
3.1.3.26		B3VPB2		MGVSAVLLPLCLLSGVTSGLAVPASRNQSTCDTVDQGYQCFSETSHLWGQYAPFFSLANESAISPDVPAGCRVTFAQVLSAYPTDSKGKKYSALIEEIQQNATTFDGKYAFLKTYNYSLGADDLTPFEQELVNSIKFYQRYESLTRNIIPFIRSSGSSVIASGKKFIEGFQSTKLKDPRAQPGQSSPKIDVVISEASSSNNTLDPGTCTVFEDSELADAVEANFTATFVPSIRQRLENDLSGVSLTDTEVTYLMDMCSFDTISTSTVDTKLSPFCDLFTHEEWINYDYLQSLKKYYGHGAGNPLGPTQGVGYANELIARLTHSPVHDDTSSNHTLDSNPATFPLNSTLYADSDNGIISILFALGLYNGTKPLSTTTVENITQTDGFSSAWTVFASRLYVEMMQCQAEQEPLVRVVVDRVVPLHGCPVDALGRCTRDSFVRGLSFARSGGDWAECFA		50.0
3.1.3.26		O93838		MGVSAVLLPLYLLSGVTSGLAVPASRNQSTCDTVDQGYQCFSETSHLWGQYAPFFSLANKSAISPDVPAGCHVTFAQVLSAYPTDSKGKKYSALIEEIQQNATTFEGKYAFLKTYNYSLGADDLTPFEQELVNSVKFYQRYESLTRNIVPFIRSSGSSVIASGNKFIEGFQSTKLKDPRAQPGQSSPKIDVVISEASTSNNTLDPGTCTVFEDSELADDIEANFTATFVPSIRQRLENDLSGVSLTDTEVTYLMDMCSFDTISTSTVDTKLSPFCDLFTHEEWINYDYLQSLNKYYGHGAGNPLGPTQGVGYANELIARLTHSPVHDDTSSNHTLDSNPATFPLNSTLYADSDNGIISILFALGLYNGTKPLSSTTAENITQTDGFSSAWTVFASRMYVEMMQCQSEQEPLVRVLVDRVVPLHGCPVDALGRCTRDSFVKGLSFARSGGDWGECFA		58.0
3.1.3.26		P34752		MGVSAVLLPLYLLSGVTSGLAVPASRNQSSCDTVDQGYQCFSETSHLWGQYAPFFSLANESVISPEVPAGCRVTFAQVLSAYPTDSKGKKYSALIEEIQQNATTFDGKYAFLKTYNYSLGADDLTPFEQELVNSIKFYQRYESLTRNIVPFIRSSGSSVIASGKKFIEGFQSTKLKDPRAQPGQSSPKIDVVISEASSSNNTLDPGTCTVFEDSELADTVEANFTATFVPSIRQRLENDLSGVTLTDTEVTYLMDMCSFDTISTSTVDTKLSPFCDLFTHDEWINYDYLQSLKKYYGHGAGNPLGPTQGVGYANELIARLTHSPVHDDTSSNHTLDSSPATFPLNSTLYADSDNGIISILFALGLYNGTKPLSTTTVENITQTDGFSSAWTVFASRLYVEMMQCQAEQEPLVRVLVDRVVPLHGCPVDALGRCTRDSFVRGLSFARSGGDWAECFA		42.0
3.1.3.26		B3VPB3		MGVSAVLLPLYLLSGVTSGLAVPASRNQSTCDTVDQGYQCFSETSHLWGQYVPFFSLANESAISPDVPAGCRVTFAQVLSAYPTDSKGKKYSALIEEIQQNATTFDGKYAFLKTYNYSLGADDLTPFEQELVNSIKFYQRYESLTRNIIPFIRSSGSSVIASGKKFIEGFQSTKLKDPRAQPGQSSPKIDVVISEASSSNNTLDPGTCTVFEDSELADAVEANFTATFVPTIRQRLENDLSGVSLTDTEVTYLMDMCSFDTISTSTVDTKLSPFCDLFTHDEWINYDYLQSLKKYYGHGAGNPLGPTQGVGYANELIARLTHSPVHDDTSSNHTLDSNSATFPLNSTLYADSDNGIISILFALGLYNGTKPLSTTTVQNITQTDGFSSAWTVFASRLYVEMMQCQAEQEPLVRVLVDRVVPLHGCPVDALGRCTRDSFVKGLSFARSGGDWAECFA		50.0
3.1.3.26		B7GTV0		MSTRVMKRIVGSVACLAASAMLLPGTIRPAQAMEADGRYYSSKQPYVAPNDATASSYSKAPKGYGPIYTESMASGLSSYKYDALLMRMAETAARDGGFKSEAIKAEFVKNLSGITAANVENGYGMLTGQAQQHYGIERAYQRNRSLFDQAAADGGTIAYQSSGEAATESGENFEKGFNEASGGRLIGNVSAPTNPADSGNGKDFQKNPDTLYFHKVQNPDGTSKVPGTKAYDIANNYQNFVANDATIAGAEKTIGDNVDVKRASHDLLSQIFTEEFLAKLENGEYKWYNTTDGTKKGGKNCAPGADASKDPDACGEVSKKIKSEYDAAMDLYNLYIIAADMHNENTGDHTFAFDQYFQGAYADDARMFAWALDAEDFYEKGPSYAGQNETYSIAQPLLDDFLNTIDARVNGGSTVATFRAAETMMPFAALLGLPGSTQQAPASTTDVYTYGNNEWRGESVTMAANVQWDVYARKGEDPATGQRYTPIVRMLYENEVPFRSECTPVADGSTWYKLTELKSCLAADHKTLGQDARIAEQADATPSPQPSGKPATDSDAATHAAGKGTAAGQASSTTNARPTSLARTGSSVTVFVVLTVGLMLIGVSLNVWRMRR		50.0
3.1.3.26		C0BTR1		MRIMAKNHTATKEQRQAGAWRKRGTKSVGGGMLALTSAVVAAAMLATPAALAGEGTARYYSSKQPYVAPASTSYSAIPSRYHLAYTESVASGLSSYKYDALLALMAQSAAENNYAGFVSPEVGKEFINNVNAITAANVGNGYGMLSGQAIQHQGIERIYQRDADLFANAAKQGLRVSYQSSGEPATESGENFKLGFDQASNGLLANAVVAPNNPADNNSGKNFDKNTTTLYFHKTDNPDGTQKTGEAKERAERYQQFVANDGGIAEAEENVTNDPSMTTASHNLLSQIFTDDFLASIGKEEGQRIWYNTADGTKKGAANCAAGADPAKDANACGDAKKKIASEQDAAMDLYNLYIIAADMEQENTGSHTFNFDQYFQGQHAQEAKTFAWSLDAEDFYEKGPGRAGQDETYRIAQPLLDDFFNAIDTRERAGTAATFRAAETIIPFAALLKLPGSQQQASELYTYENNPWRGESVTMAANVQWDVVVRDGTDVSGQPYQPLVRMLYEKEIGFNDSCTPIADGSTWYKESELKSCLNGKGTTVDARLTDEEGQPETPGHESTPDDSQKAPGANDANGQRKHPVKSSANGGDAVKLAKTGSNVTPAIVATVVMVSSAIFGGSYARRSRRKA		50.0
3.1.3.26		C4B6T1		MQLSLALAASIAACVAPISALPMQVLKSYDNKPYPQEALDQYNVLRFLGTASYVQQPGHGIQRDTHGSVSQVSLIAEYLTANKGKKTANAISRLQNITEELDGPVALTTYDFEGLDQDWYDKETWKGPYALGEMYKFQLFRYQDHVGDDGNVTFYTASQEVVSAQKFAEFLGYTADNSSFFIIDEDDASLGGNSTPVTGANYDDTTNEDLIATLSDAYLNQTTARLNDGTPGINLTTSEVAGFDYGFDLNVGGKDIEIFTNDELIARAYNDIDYYTKGPYNLSSAISVYVAMIEIMKDGDRNLTLNFATDIFFIVTLLLYDSDMPLDHQNFDSLWKVSNINMGSRLILKLTEGDQEGDFIVHNAVLMSEISSGPGFSAPLDDFEDYVNKRLNGTTFAEAGLKNNTADSISFYWD		50.0
3.1.3.26		Q6YNE9		MFDIALRSGPARGGVSHRVRTCDTVDGGYQCFPRLSHRWGQYSPYFSLANTGLPSEVPEKCELTFVQVLSAYPTASKSKKYKSLIQAIQANATAYNGQSVFLRAYNYTLGSEDLTSFEHQMINSIKFYQRYAALTRDHVPFIRSSDSSVVASGQLFIQGYEQSKAQDCDADHSQDHAAINVLISEAPGANNTLNHNTCAAFEADKLGDQVSAKYTALIAPPMAQRLHHDLPGVTLTDDQVIYLMDMCAYDTVATTPGATSLSPFCALFTDTEWSQYNYLQSLGKYYGYGAGNPLGPTQGVGFINELIARMTHSPVHDHTTSNRTLDAPGADSFPTNRTLYADTDNGMIPIFFALGLYNGSDPLPHDRIVPATQADGYSAAWAVFAARAYIEMMQCGRETEPLVRVLIDRVAPLKGCNVDQLGRCKRSDFVNALSFAQDGGDWAKCGVSSK		55.0
3.1.3.26		D9I0I9		VSHRVRTCDTVDGGYQCFPQLSHRWGQYSPYFSLANTGLPSEVPEKCELTFVQVLSAYPTASKSKKYKSLIQAIQANATAYNGQSVFLRAYNYTLGSEDLTSFEHQMINSIKFYQRYAALTRDHVPFIRSSDSSVVASGQLFIQGYEQSKAQDCDADHSQDHAAINVLISEAPGANNTLNHNTCAAFEADKLGDQVSAKYTALIAPPMAQRLHHDLPGVTLTDDQVIYLMDMCTYDTVATTPGATSLSPFCALFTDTEWSQYNYLQSLGKYYGYGAGNPLGPTQGVGFINELIARMTHSPVHDHTTSNRTLDAPGADSFPTNRTLYADTDNGMIPIFFALGLYNGSDPLPLDRIVPATQVDGYSAAWAVFAARAYIEMMQCGRETEPLVRVLIDRVAPLKGCNVDQLGRCKRSDFVNALSFAQDGGDWAKCGVSSK		55.0
3.1.3.26		A0A125R6G8		MNAPVFETSAKDEIATNRFLAGSNYLDYDRQLTDKALTPAPKNYEPYYMSHYGSWLISDGNYSKPLATLKAAKEQGKLTPLGEKTLATIEAIYATAHKRLGDLTTVERQHHGIKRMVQHFPEIFKTKNLKIDARSTTVNCILSMIAECEELAAANPTAQIHNDVSESLQYYLNQPWDGLVAKLGRTTGDKEEREYAYKYSHPERLMKALFNDEAYVYNNVNAGSLMRQLFHVACNMQSHDTDLELFSLFTDEEVYDQWRQKNVGWYLDYGASPVSGGKMPFSQLNLLKNIIATADTVTQTQATLRGEVCVMPLACLLELDNCGMVVNNLDELDKYWRNYRIFMGCNIQLIFYRPKKGKTGDILVKALLEREAYLPIKTNQWPYYNWQELRTYYKNKIAAFEAENK		55.0
3.1.3.26		A0A0E3VIU5		MSTHPPGRRLASIRLLGFLALVAGVSSAPASAWAETAPATARDIAPRPDLQSIVSKTKPPLAMLRKDTPVQPELERASLIGLMGYYGAWLRQEHVLPAGAAPNQVAAWDVDQLGDLLEIAGTLRAAHQQALDEDVHATESQCKLDPATARAAIDARLDGRGLDAIADRYRSSLEQMEKVLDFSKSPYCAHDRPGAERFSALANRVQIDPTGRHLRLNPLGIASTVSVEYAQGMAPENVAWGAIHDRDDWARLAAHNQFDLMAKTYLSRKGTPMADLGTQSATGTPAFATHAPATSRVYVLAALNLAGMLGLDTDQPDTGASLRDTLTHADFVTVGLVYSLALRDMTPLTLADPPSRHPLTIPGADAAHGDARLDRFMSIARRSMAPECIAHRP		50
3.1.3.26		Q6RK08		MKAILIPFLSLLIPLTPQSAFAQSEPELKSIVAKATQLMQDVPDATPVKLWLPRGELIAYLHYQRQRLVADGLLAKKGQPGQVAIIDVDEKGEFAALADAITVHTQADTSSPLNPLKTVCQLDNANVTDAILSRAGGSIADFTGHRQTAFRELERVLNFSQLNLCLNREKQDESSLTQALPSELKVSADNVSLTAVSLASMLTIQQAQGMPEPGWGRITDSHQWNTLSLHNQFYLLQRTEVRSRATPLDLMATPHPPQKQAYGVTLPTSVLFIAGLNLGGALELNTGQPNTGEERRRLSDNSQWIQVSLVFTLQMRDKTPLSLNTPPGEVKLTLAGEERNAQGMSLAGFTQIVNEARIPACSL		55.0
3.1.3.26		P07102		MKAILIPFLSLLIPLTPQSAFAQSEPELKSIVAKATQLMQDVPDATPVKLWLPRGELIAYLHYQRQRLVADGLLAKKGQSGQVAIIDVDEKGEFAALADAITVHTQADTSSPLNPLKTVCQLDNANVTDAILSRAGGSIADFTGHRQTAFRELERVLNFPQSNLCLKREKQDESSLTQALPSELKVSADNVSLTAVSLASMLTIQQAQGMPEPGWGRITDSHQWNTLSLHNQFYLLQRTEVRSRATPLDLKTTPHPPQKQAYGVTLPTSVLFIAGLNLGGALELNTGQPNTGEERRRLSDNSQWIQVSLVFTLQMRDKTPLSLNTPPGEVKLTLAGEERNAQGMSLAGFTQIVNEARIPACSL		37.0
3.1.3.26		A0A1D7YZ01		MLSQNTSRTIRILLIIIPIISTFSAQAQDRYLKEVPESNTTALESGARQQVTREELGHYAATVLKRYEGEYYRQQHLFASGTEQQIYVLSPLQAAQYMDMFGGVATHAVEDEKHLHGDKMIGTLDPERAKAEVLKAMGGDLDTAYQRLKPSITLLKQVVCTADQPPVFDKPWALKQDKDGSTSISLNTLANMSVEYSENLPLAQVAFGHVRSAQDLTPMAPMTKYDFTNDVYIQRGGSLMQQTQAQGTSAEQDTALGEPPTAPYLLYVAIYLRTLLQFHQSDTANIASERRDTTTQQRFLRVYFQTSLDIRSLTQLGKQQPLLKEELALQGQQTEQGTLPFATTLESMRKSIDSSALATVHYAP		37.0
3.1.3.26		B6RGT1		MTIAKEYLRLSILTLVLSSFTLSAAPLAAQSTGYTRILSKQTQLMNDVPDKQPVKAYLPRAGLVTLMGFYGDYFRSYGLLPAGADESIYVQDVDQLGQFLDIADGLKVHYQADLKKILHTVEAVCKLDPEKTHQAVEKRLGGPLNELSQRYAKPFALMGEVLNFSASPYCNSLQQKGKTDFATFAANEIEVNKEGTKVSLSPLALSSTLGIQNSQAMPDVAWNRLSGEENWISLSLHNQFDLMAKTYIRHKGTPLQQDTVLQRDAQGQTLPLSPQTKLLFLGGINIAGMLGANQQQPNTGGELQNPDNHQRYVAVKMFYTMELRNADKLDLKNNPARIVPIAIEGENEGDNKLQLETFQKKVAQVIEPACHI		37.0
3.1.3.26		H9TUK6		MTVAKKYLRLSVLTLVLSSFTLSAAPLAAQSTGYTRILSKQTQLMNDVPDKQPVKAYLPRAGLVTLMGFYGDYFRSYGLLPAGADESIYVQDVDQLGQFLDIADGLKVHYQADLKKILHTVEAVCKLDPEKTHQAVEKRLGGPLNELSQRYAKPFALMGEVLNFSASPYCNSLQQKGKADFATFAANEIEVNKEGTKVSLSPLALSSTLGIQNSQAMPDVAWNRLSGEENWISLSLHNQFDLMAKTYIRHKGTPLQQDTVLQRDAQGQTLPLSPQTKLLFLGGINIAGMLGANQQQPNTGGELQNPDNHQRYVAVKMFYTMELRNADKLDLKNNPARIVPIAIEGENEGDNKLQLETFQKKVAQVIEPSCHI		55.0
3.1.3.26		Q7CIZ7		MSVLENRVRLSGLVLMLSGLAAITAPVAAEPSGYTRILSKQTQLMNDVPDKQPVKAYLPRAELVTLMGFYGDYFRSLGLLAAGAEGGVYAQDIDQLGQFLDVAGGLTVHNQADLKKTLHPVEAVCKLDAAQTDKAIEEQLGGPLDTVSQRYAKPFAQMGDVLNFAASPYCKSLQQQGKTDFAHFAANEVNVNKEGTKVTLSPLALSSTLGIQNAQAMPEVAWQRLKGAENWVSLSLHNQFNLMAKTYIRHKGTPLQQDTTLQLDAQGQKLPISAQNRVLFLGGINIAGMLGADQEQPNTGGELQNPDNHQRYVAVKMFYTMDLRNAEKLDLKNNPAGIISVAVAGENNGDDKLELDTFQKKVAKVIEPACHI		55.0
3.1.3.26		B4X9S4		MTVASYRLRLPALALMLSSFALGAAPVITAPAGYTRILSKQTQLMNEVPDKQPVKAYLPRAQLVTLLAFYGEYFRSQGLLPAGPEGTVYAQDIDQLGQFLDVAGGLEVHYQADLKKTLHPVEAVCKVDLAQTRQAVEQRLGGPLTTLSQRYAKPFAQMGEVLNFAESPFCKSLQQKGKTDFATFAANEIDVNKDGTKISLTPLALSSTLAIQNSQAMPDVAWHRLSGAENWVSLSLHNQFDLMAKTYIRHKGTPLQQNTVLQRDAQGQTLPLSPQTKVLFLGGINIAGMLGANQQQPNTGGELQHPDNHQRYVAVKMFYTMDLRNVEKLNLTTNPAGIIPIAVEGENMGDDKLQLETFEKKIAQVIEPACHI		55.0
3.1.3.26		Q003Y3		MNTLLFRLIMFIFMFGSFPLQAEVPDDMKRIVAKFTPLMQEIPYYQDVPLWLARGELVTEMRYQQKVLIDNGVLESNVSPEQVAVIDTDQKGEFLAFAGKNKVHYQKDHDKKLNPVKMVCAFNVQKTQEAILTRAEGNIERYTQRYDSAFRTLEQVLNFSRSAACRSASQSGTLPGTLPSELRVSADTVSLSAWSLSSMLTIQEAQGMPEVAWGRIHGEKEWTALSLHNQFDLLQRTEVRSRATPLDLSEVSNGSTENHYGIKLPVSLLFIAGLNLSGVFDLNSGQPNTGEERTRVSDNTDWIQISFVFTLQMRKFKPFSSSSLPNKIVLTLPSQDKNPEGMPLKHFIDIVQTARIPQCAVMADVNR		55.0
3.1.3.26		Q000T0		MTITVDSLRLSVLTLILNSYAISAAPVAIQPTGYTRILSKQTQLMNDVPDTQPVAAYLPRAQLVTLMGFYGDYFRSQGLLAAGTDAVIYAQDVDQLGQFLDIAGGLKVHYQADLKKVLHPVDAVCKLDSTQTHKAVEERLGGPLSELSKRYAKPFAQMGEILNFAASPYCKSLQQQGKTDFANFAANKITVNKPGTKVSLSPLALSSTLGIQNSQAMPDVAWHRLTGEDNWISLSLHNQFDLMAKTYIRHKGTPLQQETVLQRDAQGQTLPLSPQTKILFLGGINIAGMLGANQQQPNTGGELQNPDNHQRYVAVKMFYTMGLRNAEKLDLKNNPAGRVPVAIDGENSGDDKLQLDTFQKKVAQAIEPACHI		55.0
3.1.3.26		F6IQ86		MKAILIPFLSLLIPLTPQSAFAQSEPELKSIVAKATQLMQDVPDATPVKLWLPRGELIAYLHYQRQRLVADGLLAKKGQPGQVAIIDVDEKGEFAALADAITVHTQADTSSPLNPLKTVCQLDNANVTDAILSRAGGSIADFTGHRQTAFRELEQVLNFPQSNLCLNREKQDKSSLTQALPSELKVSADNVSLTAVSLASMLTIQQAQGMPEPGWGRITDSHQWNTLSLHNQFYLLQRTEVRSRATPLDLKTTPHPPQKQAYGVTLPTSVLFIAGLNLGGALELNTGQPNTGEERRRLSDNSQWIQVSLVFTLQMRDKTPLSLNTPPGEVKLTLAGEERNAQGMSLAGFTQIVNEARIPACSL		60.0
3.1.3.26		H9TUK5		MTISLFNRNKPAIAQRILCPLIVALFSGLPAYASDTAPAGFQKILAKMTQTMRDVPHQEPVKLYIPREHLISLMGFYRERFQQQGLLPKDNTPDAVYVWDVDQKGEFLALAQDLAIHHQQNTQQALHPVKAICSMDKSQVHAAVEKQAGTPIETLNQRYQASLALMSSVLDFPKSPYCQQHNIGKLDFSQAMPSRLAINDDGNKVALEAVGLASTLAIEHAQGMPKVAWGNIHTEQQWNSLKLHNQFDLMSRTYIKHNGTPLQTAHGSNITSRPLPDISPDNKILFIAGINISGMLGMTTGQPNTGAERVDNAGKPYVSVNMVYTLALHDQAPLTLQHPAGSVRLNIPGSDQTPDGYPLSTFSRLVSHSVEPACQLP		65.0
3.1.3.26		B1GSN6		MNHSKTLLLTAAAGLMLTCGAVSQAKHKLSDPYHTNAAEPDTAGILDPKTPQNSKLITNVVSDKMHSYNTKIRYDFPLNKKVDIAANSENTIEIAIGKNGTLQSMTDDHPAAINVTLYHSQKTGKYYMVTGKEFEYELKADKNYISGKKAFKMNQTMADEYGRLADEAIKFSAEDGSNGTVIDRADGRHTPIIYYAADGKGMNSSYAIYDRQKNKVADRITPETTSDIDVLFGLPEYFIFAGEIDHGQKANIPERADQIGFRPLANEQVDPRKTDSGK		37.0
3.1.3.26		C0K087		MKVKLGAVWSGISIALLLAACATHEVDFQGEGEGVGPGAEQVLPSGTAGQVASSTPVTVGGQTTLGFVAGDYIGDRIQFLPELQVEGLTVERPQTVLGDTPTGVSLLFPAGTGDNRVRWGAADVVPCFARRGDEVHILVGHELRFILSVDAARPASRGRAEIGISCAEATDALNNVGLRYGLNATAARTLVQPIAKDRVAATLTDGDKRIDSTFPVWRIDAAPEQGRKVVAVITGLAAAGAVPFEVVIDVDVRTYDRDSPRPGSTRRFY		37.0
3.1.3.26		A5A5J1		MKVPKTMLLSTAAGLLLSLTATVSAHYVNEEHHKTHTDPASGDIVHEKHPEKSKLITNVVDDKQHSYEFKLRYDFPLNEKIDIAANSENTIEVAIGDKGKLKSITDNHPSNISVSLYHSQKTGAFYLVTSKQFEYEIVDGGKYVTGNKEFKLNQTLVDEYGNLADEAIKFNAEGGSKGQVVDRATGDHTAIIYYAPNGKGMNNSYAMYERQKNRVANEITEKITSDIDVLFGLPKYYIFAGEIDNGQAVNISEQAQHLGEMPDLHKQVNPRKKDSDG		55.0
3.1.3.26		Q8KTX7		MNFYKTLALSTLAASLWSPSWSLPHNEAAAHKETTDAEPDTPDIVHPKQPEDSRLITNIVDKKQAAYPFKLRYNFPLDKKIDIAGNSDNTVEIAFGEKSKLKNIVNQKPQDIQVSLYHSQKTGKFYMVTGKNFEYELFDNGKQVEGKKSFKMSQTLADEYGKMADVAISFSAEDGDKGKIVDRADGPHTSIIYYGEDGEGIDDRYAIYDRRKNDVTASIEKEITSDIDVIFGLKTYYIFAGETENGQPANISEKADALDDKPDIDDQVDPRKKNAK		65.0
3.1.3.26		C0BTR1		MRIMAKNHTATKEQRQAGAWRKRGTKSVGGGMLALTSAVVAAALATPALAGEGTAYYSSKQPYVAPASTSYSAISRHLATESVAGSYKDALALMAQSAAENNYAFVSPEVGKEFINNVNATANVGNGYMSGQAIQEIYRDADLANAAKQGLRVSYQSGEPATEGENFKLGFDQASNGLLANAVVPNADNNSGKNFDKNTTTYFHKTDNPDGTQKTGEAKERAERYQQFNDGGIAEAEENVTNDPSMTTASHNLSQITDDFLASIGKEEGQRIWYTADGTKKGAANCAAGADPAKDANACGDAKKKIASEQDAMDLYNYIIADEQENGSHTNFDQYFQGQHAQEAKTFASAEDFYEKGGRAQDETYRIAQPLDDFFADTRERAGAFAAETIIFAKPGSQQQASELYTYENNPGESVTAAVWDVVVRDGTDVSQPYQPLRMYKIGFNDSCTPIADGSTWKESKSCLNGKGTTVDARLTDEEGQPETPGHESTPDDSQKAPGANDANGQRKHPVKSSANGGDAVKLAKTGSNVTPAIVATVVMVSSAIFGGSYARRSRRKA		50.0
3.1.3.26		D6QSX9		MRRVSLAAAEASTPDVKISVDAAETAARDLAEFADIVKIEVQLLLANRIDSSSTVASKKKVISFAYAVVVPHSYRLSTDPMGGGSVDKISSRNIYY		36.0
3.1.3.26		C4PKL2		MPSNNINWWGSLVAEPSTENATVTIEGTKRTGEEHGKYGAVARVDTRVVMGKSTGARAAIGGRERLVTYVHGLIAAYTHHRPKNAIAARAERHHNSTPHGP		36.0
3.1.3.3		B6YX36		MVAIIEGTDFFWREMRITKREIELLKGLSGVEWLDLKGIRIDEGFLRTREVNSPEARVETREGFVVLISEEVLEPFEDEMANRAIFEFQIRRFRDKFKRFRDGFILAMYAAKMFERDMVGREIPGADLVDLKELVDFIKNLKP		65.0
3.1.3.3		P42941		MSKFVITCIAHGENLPKETIDQIAKEITESSAKDVSINGTKKLSARATDIFIEVAGSIVQKDLKNKLTNVIDSHNDVDVIVSVDNEYRQALFFMDSIYQVIELIAYAVEEQVHITRAMNNLDFKEREKLQLQVDLYDEIKQLETKGVPCKFHKNCLAVLGIQFAGFIDQLDCKANLLEVDTLTKTGPIVDQCKSTLQLCNDYNVPVEASCMVGNLPAMATGFWNAKPKVQKAAPCKNTSMTDILYILGYTDDEIYNRQ		37.0
3.1.3.36		Q84W55		MDRQNDQNDDVFSFFPSSAATPSFNRSASSSDDESQPSVDSKRIDMQFLDRRLSEDGNHDIGNGSDSVKCEISNSDVITMTSRTGDALVEFSELGSRLEVYKLGNEFGSAAVVMIGEGSRVVRRCRLRGDHGIEALQLAAIGALVGAGSMRAYPNMSAFANTLTDTVSHTRSASPTATRIFILPENSVYPFGSEEGMKVTASKKEAQSSLFDAKGCDSISMSNILMRCQEFAYESSGIMFCSLWSNTVWELGGASGMIAYLTNINVLAAGFSIELKAETSVCAATGEVVPLLMTGSSVVCVVHLKPVAAVLMVLFDVYTTQSSSLGVAFGVTMPRGGNALGVNTIARPESEILDDTCKHTEANIRHQAAILNKKHLGACSDISQDEDVSVKREYNNKKVLLGESKIINSTRKEKNIFKIESKIEEQAHHRAFQGTTKNQIAESLPTVFVASVVLVVHRFETKRIRPRGGPAKNHFNDGTSQINALHSDYHQLSNLVEQLNLHSP		22.0
3.1.3.36		Q9SYK4		MDSLIIEEDEEALATLVPVPPRRKTHSYLQDHKPHHQIRKHSLDEVPRSAASEAVFDDDEFTGNITENAAETAGAEETVNPPPNVLDDTEPIAGGVAGCELTNIACTAQNIFNLEDAEACIGGQVPRGDFHVTTSPTMLVAQSNKLLKKAKMDQSSVSHDDDDSDPFKRVLNVSMCVIITELPKLALSQTVTCSISSEKLASVKAVQSSSSKLLVVGDLPPIQQQVDDMLKFFSASREKPQLGVRSAASETLATISLIVQRRDVNHHHRPVFCGDIYASYILDISSSNELAGFISTVYIITSQTAQDVRIQHAMSVTSDGAFAVIAAKNTEMSLAKIRTLVGLIVIMLNIFLVGQNLSAAVTSAYTTKSNTIPSTGAEIKSDAAAFFGASRRAKVKLTNRSGVITQSSPFSSNQVIMEDEKHATHKLKRELSIFEDRFSVSTVTNPTSQINLGAVVKDEDAYNPLRAAINEGSVDKHYSMYIPWAMVNIRSCTLSSVKFSARVCLLENRPTNLNLGSRRYPTDITNGSTRPRESRRGSR		37.0
3.1.3.37		B1XLK5		MESTLGLEIIEVVEQAAIASAKWMGMGEKDTADQVAVEAMRERMNQIHMRGRIVIGEGERDDAPMLYIGEEVGICTREDAKAYCNPDELIEIDIAVDPEGTNLVAGQPGSMAVLAIEKGGLFHADYYMKKAPPAAGKDIRKATENIKILSELNRSPEEVIIVMDRPRHDKEIRATARVLDGDVSAAIAAFAGTNIHAMGIAAPVIAAAMRCLGGHFQGQLIYAVNTPESADNREENIKRLKSEDDKVEAEELASGETVFAACITPGLMEGVRHGARTQSLVISSQSMTARFVDTIHMWQNIQ		30.0
3.1.3.37		C4PAW8		METGIACARGAFLPLSQHSTALMSSFATRSKSSLFGESLRQVSSSKVARPKSVPLKTREIGDSEEFLTKATPDGRLLTCMEALTFKVRTASCGGTACVNSFGDEQLAVDMLADKLLFEALRYSHFKYACSEEVPEQDMGPVGFVAFLGSSIVDTNFSVGTIFGVPGDKLTGVKGSDQVAAAYGRTTVLALKDFPGTHEFLLDEKWQHVKETEIGEGKSPNLRATFDYDKINYYVKEKYTLRYTGGMVPDVNQIIVKEKGIFTNVTSPSTKAKLRLLFEVAPLGFLVEKAGGYSSDGRQSVLDKVIENLDERTQVAYGSKEEIIRFEETLYGSSRFKSGVPVGAAA		25.0
3.1.3.4		A5HKK6		MNKCLLSVSALSFLLFLAIWAAVESEATNAMDERLLQMFDSWNWLDHFTILGNNYTIGIFSIILVLFLWLRKRDYYGMALVLVAVGGGYGLNTFIKELVGRERPPFAQGVHGFFPSGHAMVGSIYLLLIAYFSKEVKKASQRWAIFSIFGLLALLTGLSRLSLQVHYPSVLAGLLLGIAYLFACISVYQFFVVEWIRAKQREHSKDGQH		65.0
3.1.3.4		A0A0A7H6F4		MVSHEPDPTRTYSIDIRNGGSSVGRTQDPSLPPALDSATSLSSSPQFSCAPTRQHRRPYFLRICIHLMTCIILLVWSLVLLPKPAVVRGAFCNNTGISAPYQRESVSSFGLFGICFGIPFFLVAVVELLFSAVRSTREGNQEETSVTLFNKKLSQTLVDLYKYWGTLAVSLNLAFLLTNALKAAVGSLRPHFLDVCKPDWSQVACKDPTSERYVYVDNFHCTGDPKLMEEARRFPSGHSSCTVCGMLFGALYHFRFSCQGQSTGCCSEQPLKRGRKSAIVEQVYSAFQALVPFLQAIMLLLALYIPATRIRENFHHGRVAAGMAIGVLSTLYGFFLVLNVNGR		37.0
3.1.3.4		A0A0A7H9C0		MQLATAGSADSAGIGRRRSLWDDEGCRPLSAKSATVRLSVHLVCVALLGAFVIWGLVADPPVRGFYCNDTTIRYPLKAETVPASVATALVIGIPIVIFVAIELLNTFVVEKNSLASIELKCCSLPRIVGNMYVVCGGFAFGILLNFSLANVAKLCIGRLRPHFLAVCQPNWGSLKCSDSTGDLYVDQYECRGADQAAIKEARLFFSGHSSNSSCAMLYTIIYQCRLSKASAGPLMATFRQRLRSNSRADWLVDTAAALRPFIQGALLIPCLFIALSRVMDFFHHPGVLTGLIVGTLIAFYSALYVSRLPQLPHM		37.0
3.1.3.4		A0A0A7H9U0		MDATDSVTTKSGVCGVEVDSGVVPNSSKRSLGFSLGRIIPSYPVRVVMHVLSLLAVCLVAANSLTGTATIRGSFCNNTDIALPKRKGSINLGQLMTLSFVAPSLIIILVELLIAVVRVTEDKEARMKSNVTMFGWTVPQYIVDMYKYLGGFGFTMATAWLFADSLKCFVGSLRPHFFDACKPDWSKVTCKGENGEYIYVEDFHCTNDPHRVEDARRFPSGHSTYTMCGMLFGVLYQARFRWHQRQTAPKRRMRKDQGAFGAFVEQLFWVAHALVPILQAMMLLVALYVPATRVLEHFHHVRVCTGMLLGGCVAIFGAFFIIDLRD		37.0
3.1.3.4		Q5VZY2		MRELAIEIGVRALLFGVFVFTEFLDPFQRVIQPEEIWLYKNPLVQSDNIPTRLMFAISFLTPLAVICVVKIIRRTDKTEIKEAFLAVSLALALNGVCTNTIKLIVGRPRPDFFYRCFPDGVMNSEMHCTGDPDLVSEGRKFPSIHSSFAFSGLGFTTFYAGKLHCFTESGRGKSWRLCAAILPLYCAMMIALSRMCDYKHHWQSFVGGVIGLIFAYICYRQHYPPLANTACHKPYVSLRVPASLKKEERPTADSAPSLPLEGITEGPV		37.0
3.1.3.4		Q8NEB5		MGKAAAAVAFGAEVGVRLALFAAFLVTELLPPFQRLIQPEEMWLYRNPYVEAEYFPTKPMFVIAFLSPLSLIFLAKFLKKADTRDSRQACLAASLALALNGVFTNTIKLIVGRPRPDFFYRCFPDGLAHSDLMCTGDKDVVNEGRKFPSGHSSFAFAGLAFASFYAGKLHCFTPQGRGKSWRFCAFLSPLLFAAVIALSRTCDYKHHWQVLVGSMIGMTFAYVCYRQYYPPLTDAECHKPFQDKLVLSTAQKPGDSYCFDI		37.0
3.1.3.4		Q14693		MNYVGQLAGQVFVTVKELYKGLNPATLSGCIDIIVIRQPNGNLQCSPFHVRFGKMGVLRSREKVVDIEINGESVDLHMKLGDNGEAFFVQETDNDQEVIPMHLATSPILSEGASRMECQLKRGSVDRMRGLDPSTPAQVIAPSETPSSSSVVKKRRKRRRKSQLDSLKRDDNMNTSEDEDMFPIEMSSDEAMELLESSRTLPNDIPPFQDDIPEENLSLAVIYPQSASYPNSDREWSPTPSPSGSRPSTPKSDSELVSKSTERTGQKNPEMLWLWGELPQAAKSSSPHKMKESSPLSSRKICDKSHFQAIHSESSDTFSDQSPTLVGGALLDQNKPQTEMQFVNEEDLETLGAAAPLLPMIEELKPPSASVVQTANKTDSPSRKRDKRSRHLGADGVYLDDLTDMDPEVAALYFPKNGDPSGLAKHASDNGARANQSPQSVGSSGVDSGVESTSDGLRDLPSIAISCGGLSDHREITKDAFLEQAVSYQQFVDNPAIIDDPNLVVKIGSKYYNWTTAAPLLLAMQAFQKPLPKATVESIMRDKMPKKGGRWWFSWRGRNTTIKEESKPEQCLAGKAHSTGEQPPQLSLATRVKHESSSSDEERAAAKPSNAGHLPLLPNVSYKKTLRLTSEQLKSLKLKNGPNDVVFSVTTQYQGTCRCEGTIYLWNWDDKVIISDIDGTITRSDTLGHILPTLGKDWTHQGIAKLYHKVSQNGYKFLYCSARAIGMADMTRGYLHWVNERGTVLPQGPLLLSPSSLFSALHREVIEKKPEKFKVQCLTDIKNLFFPNTEPFYAAFGNRPAVYSYKQVGVSLNRIFTVNPKGELVQEHAKTNISSYVRLCEVVDHVFPLLKRSHSSDFPCSDTFSNFTFWREPLPPFENQDIHSASA		30.0
3.1.3.4		Q91ZP3		MNYVGQLAGQVFVTVKELYKGLNPATLSGCIDIIVIRQPNGSLQCSPFHVRFGKMGVLRSREKVVDIEINGESVDLHMKLGDNGEAFFVQETDNDQEIIPMYLATSPILSEGAARMESQLKRNSVDRIRCLDPTTAAQGLPPSDTPSTGSLGKKRRKRRRKAQLDNLKRDDNVNSSEDEDMFPIEMSSDEDTAPMDGSRTLPNDVPPFQDDIPKENFPSISTHPQSASYPSSDREWSPSPSSLVDCQRTPPHLAEGVLSSSCPLQSCHFHASESPSGSRPSTPKSDSELVSKSADRLTPKNNLEMLWLWGELPQAAKSSSPHKMKESSPLGSRKTPDKMNFQAIHSESSDTFSDQSPTMARGLLIHQSKAQTEMQFVNEEDLESLGAAAPPSPVAEELKAPYPNTAQSSSKTDSPSRKKDKRSRHLGADGVYLDDLTDMDPEVAALYFPKNGDPGGLPKQASDNGARANQSPQSVGGSGIDSGVESTSDSLRDLPSIAISCGGLSDHREITKDAFLEQAVSYQQFADNPAIIDDPNLVVKVGNKYYNWTTAAPLLLAMQAFQKPLPKATVESIMRDKMPKKGGRWWFSWRGRNATIKEESKPEQCLTGKGHNTGEQPAQLGLATRIKHESSSSDEEHAAAKPSGSSHLSLLSNVSYKKTLRLTSEQLKSLKLKNGPNDVVFSVTTQYQGTCRCEGTIYLWNWDDKVIISDIDGTITRSDTLGHILPTLGKDWTHQGIAKLYHKVSQNGYKFLYCSARAIGMADMTRGYLHWVNERGTVLPQGPLLLSPSSLFSALHREVIEKKPEKFKVQCLTDIKNLFFPNTEPFYAAFGNRPAVYSYKQVGVSLNRIFTVNPKGELVQEHAKTNISSYVRLCEVVDHVFPLLKRSHSCDFPCSDTFSNFTFWREPLPPFENQDMHSASA		30.0
3.1.3.48		P23469		MEPLCPLLLVGFSLPLARALRGNETTADSNETTTTSGPPDPGASQPLLAWLLLPLLLLLLVLLLAAYFFRFRKQRKAVVSTSDKKMPNGILEEQEQQRVMLLSRSPSGPKKYFPIPVEHLEEEIRIRSADDCKQFREEFNSLPSGHIQGTFELANKEENREKNRYPNILPNDHSRVILSQLDGIPCSDYINASYIDGYKEKNKFIAAQGPKQETVNDFWRMVWEQKSATIVMLTNLKERKEEKCHQYWPDQGCWTYGNIRVCVEDCVVLVDYTIRKFCIQPQLPDGCKAPRLVSQLHFTSWPFGVFTPIGMLKFLKKVKTLNPVHAGPIVVSAVTGTFIVIDAMMAMMHAEQKVDVFEFVSRINQPQMVQTDMQYTFIYQALLEYYLYGDTELDVSSLEKHLQTMHGTTTHFDKIGLEEEFRKLTNVRIMKENMRTGNLPANMKKARVIQIIPYDFNRVILSMKRGQEYTDYINASFIDGYRQKDYFIATQGPLAHTVEDFWRMIWEWKSHTIVMLTEVQEREQDKCYQYWPTEGSVTHGEITIEIKNDTLSEAISIRDFLVTLNQPQARQEEQVRVVRQFHFHGWPEIGIPAEGKGMIDLIAAVQKQQQQTGNHPITVHCSAGAGRTGTFIALSNILERVKAEGLLDVFQAVKSLRLQRPHMVQTLEQYEFCYKVVQDFIDIFSDYANFK		24
3.1.3.48		P18031		MEMEKEFEQIDKSGSWAAIYQDIRHEASDFPCRVAKLPKNKNRNRYRDVSPFDHSRIKLHQEDNDYINASLIKMEEAQRSYILTQGPLPNTCGHFWEMVWEQKSRGVVMLNRVMEKGSLKCAQYWPQKEEKEMIFEDTNLKLTLISEDIKSYYTVRQLELENLTTQETREILHFHYTTWPFGVESPASFLNFLFKVRESGSLSPEHGPVVVSAISGTFCLADTCLLLMDKRKDPSSVDIKKVLLEMKFMGLIQTADQLRFSYLAVIEGAKFIMGDSSVQDQWKELSHEDLEPPPEHIPPPPRPPKRILEPHNGKCREFFPNHQWVKEETQEDKDCPIKEEKGSPLNAAPYGIESMSQDTEVRSRVVGGSLRGAQAASPAKGEPSLPEKDEDHALSYWKPFLVNMCVATVLTAGAYLCYRFLFNSNT		22.0
3.1.3.48		P17706		MPTTIEREFEELDTQRRWQPLYLEIRNESHDYPHRVAKFPENRNRNRYRDVSPYDHSRVKLQNAENDYINASLVDIEEAQRSYILTQGPLPNTCCHFWLMVWQQKTKAVVMLNRIVEKESVKCAQYWPTDDQEMLFKETGFSVKLLSEDVKSYYTVHLLQLENINSGETRTISHFHYTTWPFGVESPASFLNFLFKVRESGSLNPDHGPAVISAISGTFSLVDTCLVLMEKGDDINIKQVLLNMKYMGLIQTPDQLRFSYMAIIEGAKCIKGDSSIQKRWKELSKEDLSPAFDHSPNKIMTEKYNGNRIGLEEEKLTGDRCTGLSSKMQDTMEENSESALRKRIREDRKATTAQKVQQMKQRLNENERKRKRWLYWQPILTKMGFMSVILVGAFVGWTLFFQQNAL		22.0
3.1.3.48		P29350		MVRWFHRDLSGLDAETLLKGRGVHGSFLARPSRKNQGDFSLSVRVGDQVTHIRIQNSGDFYDLYGGEKFATLTELVEYYTQQQGVLQDRDGTIIHLKYPLNCSDPTSERWYHGHMSGGQAETLLQAKGEPWTFLVRESLSQPGDFVLSVLSDQPKAGPGSPLRVTHIKVMCEGGRYTVGGLETFDSLTDLVEHFKKTGIEEASGAFVYLRQPYYATRVNAADIENRVLELNKKQESEDTAKAGFWEEFESLQKQEVKNLHQRLEGQRPENKGKNRYKNILPFDHSRVILQGRDSNIPGSDYINANYIKNQLLGPDENAKTYIASQGCLEATVNDFWQMAWQENSRVIVMTTREVEKGRNKCVPYWPEVGMQRAYGPYSVTNCGEHDTTEYKLRTLQVSPLDNGDLIREIWHYQYLSWPHGVSEPGGVLSFLDQINQRQESLPHAGPIIVSAITGTIIVIDMLMENISTKGLDCDIDIQKTIQMVAQSGMVQTEAQYKFIYVAIAQFIETTKKKLEVLQSQKGQESEYGNITYPPAMKNAHAKASRTSSKHKEDVYENLHTKNKREEKVKKQRSADKEKSKGSLKRK		22.0
3.1.3.48		P23468		MVHVARLLLLLLTFFLRTDAETPPRFTRTPVDQTGVSGGVASFICQATGDPRPKIVWNKKGKKVSNQRFEVIEFDDGSGSVLRIQPLRTPRDEAIYECVASNNVGEISVSTRLTVLREDQIPRGFPTIDMGPQLKVVERTRTATMLCAASGNPDPEITWFKDFLPVDTSNNNGRIKQLRSESIGGTPIRGALQIEQSEESDQGKYECVATNSAGTRYSAPANLYVRELREVRRVPPRFSIPPTNHEIMPGGSVNITCVAVGSPMPYVKWMLGAEDLTPEDDMPIGRNVLELNDVRQSANYTCVAMSTLGVIEAIAQITVKALPKPPGTPVVTESTATSITLTWDSGNPEPVSYYIIQHKPKNSEELYKEIDGVATTRYSVAGLSPYSDYEFRVVAVNNIGRGPPSEPVLTQTSEQAPSSAPRDVQARMLSSTTILVQWKEPEEPNGQIQGYRVYYTMDPTQHVNNWMKHNVADSQITTIGNLVPQKTYSVKVLAFTSIGDGPLSSDIQVITQTGVPGQPLNFKAEPESETSILLSWTPPRSDTIANYELVYKDGEHGEEQRITIEPGTSYRLQGLKPNSLYYFRLAARSPQGLGASTAEISARTMQSKPSAPPQDISCTSPSSTSILVSWQPPPVEKQNGIITEYSIKYTAVDGEDDKPHEILGIPSDTTKYLLEQLEKWTEYRITVTAHTDVGPGPESLSVLIRTNEDVPSGPPRKVEVEAVNSTSVKVSWRSPVPNKQHGQIRGYQVHYVRMENGEPKGQPMLKDVMLADAQWEFDDTTEHDMIISGLQPETSYSLTVTAYTTKGDGARSKPKLVSTTGAVPGKPRLVINHTQMNTALIQWHPPVDTFGPLQGYRLKFGRKDMEPLTTLEFSEKEDHFTATDIHKGASYVFRLSARNKVGFGEEMVKEISIPEEVPTGFPQNLHSEGTTSTSVQLSWQPPVLAERNGIITKYTLLYRDINIPLLPMEQLIVPADTTMTLTGLKPDTTYDVKVRAHTSKGPGPYSPSVQFRTLPVDQVFAKNFHVKAVMKTSVLLSWEIPENYNSAMPFKILYDDGKMVEEVDGRATQKLIVNLKPEKSYSFVLTNRGNSAGGLQHRVTAKTAPDVLRTKPAFIGKTNLDGMITVQLPEVPANENIKGYYIIIVPLKKSRGKFIKPWESPDEMELDELLKEISRKRRSIRYGREVELKPYIAAHFDVLPTEFTLGDDKHYGGFTNKQLQSGQEYVFFVLAVMEHAESKMYATSPYSDPVVSMDLDPQPITDEEEGLIWVVGPVLAVVFIICIVIAILLYKRKRAESDSRKSSIPNNKEIPSHHPTDPVELRRLNFQTPGMASHPPIPILELADHIERLKANDNLKFSQEYESIDPGQQFTWEHSNLEVNKPKNRYANVIAYDHSRVLLSAIEGIPGSDYVNANYIDGYRKQNAYIATQGSLPETFGDFWRMIWEQRSATVVMMTKLEERSRVKCDQYWPSRGTETHGLVQVTLLDTVELATYCVRTFALYKNGSSEKREVRQFQFTAWPHGVEHPTPFLAFLRRVKTCNPPDAGPMVVSAVTGCFIVIDAMLERIKHEKTVDIYGHVTLMAQNYMVQTEDQYIFIHDALLEAVTCGNTEVPARNLYAYIQKLTQIETGENVTGMELEFKRLASSKAHTSRFISANLPCNKFKNRLVNIMPYESTRVCLQPIRGVEGSDYINASFIDGYRQQKAYIATQGPLAETTEDFWRMLWEHNSTIVVMLTKLREMGREKCHQYWPAERSARYQYFVVDPMAEYNMPQYILREFKVTDARDGQSRTVRQFQFTDWPEQGVPKSGEGFIDFIGQVHKTKEQFGQDGPISVHCSAGVGRTGVFITLSIVLERMRYEGVVDIFQTVKMLRTQRPAMVQTEDQYQFSYRAALEYLGSFDHYAT		22.0
3.1.3.48		Q15256		MRRAVCFPALCLLLNLHAAGCFSGNNDHFLAINQKKSGKPVFIYKHSQDIEKSLDIAPQKIYRHSYHSSSEAQVSKRHQIVNSAFPRPAYDPSLNLLAMDGQDLEVENLPIPAANVIVVTLQMDVNKLNITLLRIFRQGVAAALGLLPQQVHINRLIGKKNSIELFVSPINRKTGISDALPSEEVLRSLNINVLHQSLSQFGITEVSPEKNVLQGQHEADKIWSKEGFYAVVIFLSIFVIIVTCLMILYRLKERFQLSLRQDKEKNQEIHLSPITLQPALSEAKTVHSMVQPEQAPKVLNVVVDPQGRGAPEIKATTATSVCPSPFKMKPIGLQERRGSNVSLTLDMSSLGNIEPFVSIPTPREKVAMEYLQSASRILTRSQLRDVVASSHLLQSEFMEIPMNFVDPKEIDIPRHGTKNRYKTILPNPLSRVCLRPKNVTDSLSTYINANYIRGYSGKEKAFIATQGPMINTVDDFWQMVWQEDSPVIVMITKLKEKNEKCVLYWPEKRGIYGKVEVLVISVNECDNYTIRNLVLKQGSHTQHVKHYWYTSWPHKTDSAQPLLQLMLDVEEDRLASQGRGPVVVSAITGCFIATSIGCQQLKEEGVVDALSIVCQLMDGGMVQTSEQYEFVHHALCLYESRLSAETVQ		22.0
3.1.3.48		A0A0A1EI83		MVLLMSIIAGTEKQSSFNQTNRNTQTEIPFQTIHVSKLSNPASLVEYNGLKFLIFDSPTDDNVDNYISELERYNVTDVVRCCHPSYDKKKLINNKIAIHELVYQEGCSSRIISDFMRIVHAIFPNDQNPLGITLGVLSIAPTLVAIALIELGMENTEAMKLVRKSGAINVLQSRFIQSYVPQEKRMCNIA		37.0
3.1.3.48		Q4QEZ7		MEVNATLIDCCDPQKPSRVLFHFLILDAPSPSNLPTYIKELQHRGVRHLVRVCGPTYDATLVKSRGIDVHSWPFDGAPTRAVLDSWLKLLDTELARQQEDPSVPPPTIGVVALAPILVALALVEYGNVSALDAIALIEKKGAINQTQMHWITKYKRRHQGAGCVIM		37.0
3.1.3.48		P24666		MAEQATKSVLLIAVFRKLVTDQNISENWRVDAASGYEINPPDYRGQSCMKRHGIPMSHVARQITKDFATFYILCMESNLRDLNRKSNQVKTCKAKIELLGSYDPQKQLIIEYGNDSETVYQQCVRCCRAFLEKAH		37.0
3.1.3.48		P9WIA1		MSDPLHVTTMKMFAQQLRHRGLGDAVRVTAGGNWHVSCADERAAGVLRAHGYPTDHRAAQVGTHLAALLVALRNHARLLRQLGVEAARVRMLRSFDPRSGTHALDVEYGDHSEEVFAVIESALPGLHDWVDERLARNGPS		30.0
3.1.3.48		Q72JF6		MDRPVRVLLMGIFRKLLKERGLEDRFEVDAGGAWHVEPMDPRARRVLEEEGAYFPHVARRLTRDVLAYHILVMRENLEEVLRRFPEARGKVRLVLEELGGGEVQYGDLEREVYWTLEAALQAFLDRHGSPSPAAEGRA		75.0
3.1.3.48		A0A0H2ZQ64		MKKLVLMFVMKSMTDNYEIQRASSWEHNPIHKGTQGIFQQYEIPYDKNKTSLQISKDFEAFYIIGMASNISDLRQMCPVDCQDKIYSFSSESVPWTGEETYRRVQEGCQAWLERLEKES		37.0
3.1.3.48		Q8X270		MWPSAKFIDGRVAFSRMPAERELDEVARDFDAVVVLVEDYELPYSLDEWEKRGVEVLHGPIPFTASVEQLLEILRWIEERVREGKKVLIMGLSGTVGVAWLMYSRGLSLREALMEVRKPGAVETQEQMEVLKELEERI		80.0
3.1.3.62		Q9Z2L6		MLRGARSHLPASVAPAAVLAAALSSFARCSLPGRGDPVASVLSPYFGKTREDANPWLLVDPVAPRRDPELLAGTTPVQVALIYTQRKLKQQGLQTRESRDGGSQVAAALAEWLYDWMDQVEKRQDMRQLALLAALPSRNYDRLRLTSSKHCVDSALQWQHYHPGLPPPDVSDMECGPPINKLMHEKFLTDVERNTALYHVEAFKTGEMQKVLKKVAATLQVPMNSLNADLIQVAFTSFDLAIKGVHSPWCDVFDVDDARVYLNKQYWKRSYTISRSSCNFQIFLHLDKVEQKQRSQPVSSPVIQGLLLLSMGYKDKEPLTAYNFEQVNKFRSGHIVYSLIFVHDNAQSPEEQFQILLKVLPLAHSQRPVGLYELTHYRDILQSCQTSKESPPKANITSDEL		37.0
3.1.3.62		A0FHA7		MAPLGTRLPFLLLLATLAAAPLSPPAAAEPELFDVRRHLSVTRDVARESNIVDAAPAISDERVIHNLVAAKRKELNTSVRGALVEEAKQGSDSDSLKRLSWMKGWESRKRVKGEVSEEEELFSFANVKERQDEYHPDVYSRATQVPASAAVGLLSGKGKLGAGKNRAFSVLSESASICLSKTYKDYRKRKPDVDKQKEILEHVTSALVNRYHLNFTTQDVSSLWLKQEASLLNITNQACQLFNEAEVRLWTDEGFVLKGGSIYKMELPLKVVQSMEEIIAKEENYPDGTYEKARRALVFTCLGLLEGSDFEKIQREPLDLPPMPPQTNWMGALVAFSNMLAQPGKTDGKKTSQDQKSSCFVVHAPVSMPGCGNKDLCPFEFEKIVKPHLKHDYNILKKPGAAVEEEPSSFSSKLNFFLDLISRKGYRIKGQDVKTEL		65.0
3.1.3.62		A0FHA8		MAPLGTRLPFLLLLATLAAAPLSPPAAAEPELFDVRRHLSVTRDVARESNIVDAAPAISDERVIHNLVAAKRKELNTSVRGALVEEAKQGSDSDSLKRLSWMKGWESWKRVKGEVSEEEELFSFANVKERQDEYHPDVYSRATQVPASAAVGLLSGKGKLGAGKNRAFSVLSESASICLSKTYKDYRKRKPDVDKQKEILEHVTSALVNRYHLNFTTQDVSSLWLKQEASLLNITNQACQLFNEAEVRLWTDEGFVLKGESICKMGLPFKVVQSMEEIIAKEENYPDGTYEKARRALVFTCLGLLEGSDFEKIQREPLDLPPMPPQTNWKGALVAFSNMLAQPGKTDGKKTSQDQKSSYFVVHAPVSMPGCGNKDLCPFEFEKIVKPHLKHDYNILKKPGAAVEEEPSSFSSKLNFFLDLISRKGYRIKGQDVKTEL		65.0
3.1.3.62		A0FHA9		MAPLGTRLPFLLLLATLAAAPLSPPAAAEPEPFDVRRHLSVTRDVARESNIVDAAPAISDERVIHNLVAAKRKELNTSVRGALVEEAKQGSDSDSLKRLSWMKGWESRKRVKGEVSEEEELFSFANVKERQDEYHPDVYSRATQVPASAAVGLLSGKGRLGAGKNRAFSVLSESASICRSKTYKDYRKRKPDVDKQKEILEHVTSALVNRYHLNFITQDVSSLWLKQEASLLNITNQAYQLSNEAEVRLWTDEGFVLKGESIYKMGLPLKVVQSMEEIIAKEENYPDGTYEKARRALVFTCLGLLEGSDFEKIQREPLDLPPMPPQTNWKGALVAFSNMLAQPGKADGKKTSQDQKSSYFVVHAPVSMPGCGNKDLCPFEFEKIVKPHLKHDYNILKKPRAAVEEEPSSFSSKLNFFLDLISRKGYRIKGQDVKTEL		65.0
3.1.3.62		A0FHB0		MAPPATPLPFLLLATLAAAPLLPPAAAEPEAFDVRRHLSVTRDVSRASNSVVSAPSISDERVIHNLVAAKRKELDRAVRGTLVDEAKQGSDTASLKKISWMKGWESRKRVKGEVSEEEELFNFANVKERQDEYHPDVYSRATQVPASAAVGLLSGKGKLGAGNNRAFSVLSESASICLSKTYKDYRKRKPDVDKQKEILEHVTSALVSRYHLKFTTQDVSSLWLKQEASLLNITNQACQLFNEDEVHLWTDEGFVLKGESIYKMGLPLKVVQSMEEIIAKEENFPDGTYEKARRALVFTCLGLLEGSDFEKIQREPLDLPPMPPQRNWKGALVAFSNMLAQPGNDGKKTSQDQKNSYFVVHAPVSMPGCGNKDLCPFEFEKIVKPHLEHDYDMLKKPVAAAEEEPSSFSSKLNFFLDLLSRKGYRVKGQDVKTEL		65.0
3.1.3.62		A0FHB1		MAPPATPLPFLVLLATLAAAPLLPPAAAAEPEAFDVRRHLSVTRDVSRASNSVVSAPAISDERVIHNLVAAKRKELDRAVRGTLVDEAKQGPDTASLKKISWMKGWESRKRVKGEVSEEEELFNFANVKERQDEYHPDVYSRATQVPASAAVGLLSGKGKLGAGNNRAFSVLSESASICLSKTYKDYRKRKPDVDEQKEILEHVTSALVSRYHLKFTTQDVSSLWLKQEASLLNITNQACQLFNEDEVHLWTDGGFVLKGESIYKMGLPLKVVQSMEEIIAKEENFPDGTYEKARRALVFTCLGLLEGSGFEKIQREPLDLPPMPPQRNWRGALVAFSNMLAQPGNDGKKTSQDQKNSYFVVHAPVSMPGCGNKDLCPFEFEKIVKPHLEHEYDMLKKPVAAAEEEPSSFSSKLNFFLDLLSRKGYRVKGQDVKTEL		65.0
3.1.3.62		A0FHB2		MSPPATPLPFLLLATLAAAPLLPPAAAEPEAFDVRRHLSVTRDVSRASNSVVSAPSISDERVIHNLVAAKRKELDRAVRGTLVDEAKQGSDTASLKKISWMKGWESRKRVKGEVSEEEELFNFANVKERQDEYHPDVYSRATQVPASAAVGLLSGKGKLGAGNNRAFSVLSESASICLSKTYKDYRKRKPDVDKQKEILEHVTSALVSRYHLKFTTQDVSSLWLKQEASLLNITNQACQLFNEDEVHLWTDEGFVLKGESIYKMGLPLKVVQSMEEIIAKEENFPDGTYEKARRALVFTCLRSLEGSDFEKIQREPLDLPPMPPQRNWKGALVAFSNMLAQPGNDGKKTSQDQKNSYFVVHAPVSMPGCSNKDLCPFEFEKIVKPHLKHDYNMLKKPGVAAEEEPSSFSSKLYFFLDLLSRKGYRFKGQDVKTEL		65.0
3.1.3.62		A0FHB3		MSPPATPLPFLLLATLAAAPLLPPAAAEPEAFDVRRHLSVTRDVSRASNSVVSAPSISDERVIHNLVAAKRKELDRAVRGTLVDEAKQGSDTASLKKISWMKGWESRKRVKGEVSEEEELFNFANVKERQDEYHPDVYSRATQVPASAAVGLLSGKGKLGAGNNRAFSVLSESASICLSKTYKDYRKRKPDVDKQKEILEHVTSALVSRYHLKFTTQDVSSLWLKQEASLLNITNQACQLFNEDEVHLWTDEGFVLKGESIYKMGLPLKVVQSMEEIIAREENYPDGTYEKARRALVFTCLGLLEGSDFEKIQREPLDLPPMPPQRNWKGALVAFSNMLAQPGKNDGKKTSQDQKSSYFLVHAPVSMPGCSNKDLCPFEFEKIVKPHLKHDYNMLKKPGVAAEEEPSSFSSKLNFFLDLLSRKGYRFKGQDVKTEL		65.0
3.1.3.64		Q9C0I1		MLGKGVVGGGGGTKAPKPSFVSYVRPEEIHTNEKEVTEKEVTLHLLEQLCEASTVLKYVQEDSCQHGVYGLVCTDFKIAFLGDDESALDNDETQFKNKVIGENDITLHCVDQIYGVFDEKKKTLFGQLKKYPEKLIIHCKDLRVFQCLRYTKEEEVKIVSGIIHHTQAPKLLKRLFFSYATAAQNNTVTDPKNHTVMFDTLKDWCWELERTKGNMKYKAVSVNEGYKVCERLPAYFVVTPLPEENVQRFQGHGIIWCSCHNGSALLKMALPKEQDDGILQIQKSFLDGIYKTIHPPYEIKTEDLSSNFLSLQEIQTAYSKFKQLFLIDNSTEFWDTDIKFSLLESSSWDIIRRCLKKAIEITECMEAQNMNVLLEENASDLCCLISSVQLMMDPHCRTRIGQSIKEWVMGCFLDRCNHLRQNDKEEVPVFLLFLDVQLVHQHPAFEFTETYLTVLSDSIPIFSTFFFNSPHQKDTNMGREGQDTQSKPLNLLTVWDWSVQFEPKAQTLLKNPLYVEKPKLDKGQRKGMRFKHQRQLSLPLTQSKSSPKRGFFREETDHLIKNLLGKRISKLINSSDELQDNFREFYDSWHSKSTDYHGLLLPHIEGPEIKVWAQRYLIPEAQILGGGQVATLSKLEMMEEVQSLQEKIDERHHSQQAPQAEAPCLLRNSARLSSLFPFALLQRHSSKPVLPTSGWKALGDEDDLAKREDEFVDLGDV		37.0
3.1.3.64		Q13496		MASASTSKYNSHSLENESIKRTSRDGVNRDLTEAVPRLETITDKEVIYICPFNGPIKGVYITNYRLYLRSLETDSSLILDVPLGVISRIEKMGGATSRGENSYGLDITCKDMRNLRALKQEGHSRDMFEILTRYAFPLAHSLPFAFLNEEKFNVDGWTVYNPVEEYRRQGLPNHHWRITFINKCYELCDTYPALLVVYRASDDDLRRVATFRSRNRIVLSIHPENKTVIVRCSQPLVGMGKRNKDDEKYLDVIRETNKQISKLTIYDAPSVNAANKATGGGYESDDAYHNAELFFLDIHNIHVMRESLKKVKDIVYPNVEESHLSSLESTHWEHIKLVLTGAIQVADKVSSGKSSVVHCSDGWDRTAQLTSAMLMLDSFYRSIEGEIVKEWISFKFASRIGHGDKNHTDADRSPIFLQFIDVQMSKQFTAFEFNEQFLIIILDHSCRFGTFLFNCESARERQKVTERTVSLWSLINSNKEKFKNPFYTKEINRVLYPVASMRHLELWVNYYINPRIKQQQPNPVEQRYMELALRDEYIKRLEELQLANSAKLSDPPTSPSSPSQMMPHVQTHF		30.0
3.1.3.64		D3HMN4		MGKGIIVRVPHGIELSSELLSALEVRFYIETYYQKPDYHSFARRVDSLHKAFYFLIDAYPFSAKNTPLTKQTLKAYVDECKLATTDAKGSIDDLHKELERFTAKLIELIALNWGCSEIKEAVELLNEAEQYALMGEGRYDLVTLLPMQLGQDVDYVLQVDESLPPYYDQLLDELTLIKAKKYPKTPGWLRDLEEYQHAYCNLDQGVTSYLEVIDFNNFLNWASIKKIALSLNSDLQQIVSGSPPLPSWFNGLSVHQREMMRILAADTSLDKKLTQFKKFLTGDIKWEIWDTATQISSLQWYVLSEHQQFFLEHVLKGVDDVKDAVSFLSSRHRTLPLPANYAAHSLLGLENGNMRELSAKRYRSSHIATDGLNWPKAQQRHSDSNLAKVMEYSKNDQLAILQTLISPIHATEYVPNITDYLPTLPPDDLYKLARSAVERRKETQSILQNNHPYNMAKRLYYTQAYDKDSQSLVTAKKYASFTPGLQELDQYQSVLESALGTATIFDYAGRELLSSELIILTIGSYGSCVSGKDRKAIELIHTDAMILYKEYGTPVFDELDKENRIRFVSLVADMSRHQHEHAGQNAPGSEGIKTPEWYLPEDIAAEIRKRLDSERSLKDDDRAATDNEVKNIFIGGSKKLKEYLLPEKKLLCRLVARQLGESNCTKLYDALHSLINERNLFTPQEQSSTSSFFSSESNPTPDGIKQIELMLSPSSGKDNIIRIEKILQVVSERPEIDGSRTEATNSVYGRLRSFLNCSEKATTFSEIVSTTVEEWTKLFEESKRAHVKEFESSHR		37.0
3.1.3.70		Q84B23		MIVTGDERGELGREALERALVPPVTARKEVEGLPGGLYLRWPVRARPKGRVVSAWRKVRRREAEALARPILGDLAAARLSRARKAEDLVLCPEEVEAVLAEAVEWTHGYHAAKGARVARRAWPDPEARFAVGSLLLFRALVYVRGDPPEGVLATPAPGPEGFRYAVRYLPRLSRRGGSGP		92
3.1.3.70		Q2VPS0		MRVILRGDDYSPKKGVVKERAFEFNSSLAEQEYYRRAVGSAVVIAYFPFPIGVRRNILLEGRSEIKVDCMSDEYLKYNSLEMAFPELLMRDSIFRWGKGGFPERKKRVSKSVNVTGDTKASLLEYSRLGVESYAGEFMLEVHFIIDLSYSGAKHISSLDELLVV		90.0
3.1.3.72		Q0GYS2		MAFSLHALIFALLLAAAAANDEPFDVRRHLSTVSSYDAAKNVILGSFVPSSVPDGCRAIHLNLVATAPTKKRIKEMDQLAIRLDALLTDAKEKTHDSSLPPNIPSWLSGWQSPWKGRQTGGELISKEDELYHLTRIRERFPDLFDEEYHPHIYSIRATQVPASASAVAFGIGLFSGRGHLGPGKNRAFSVISESRASDTCLRFFDSCETYKEYRKHEEPAVSKLKEPVLDGIVVALVSRYQLNFTRQDVASLWFLCKQEASLLDITNQACGLFNPSEVSLLEWTDDLEAFIVKGYGNSVNYRMGVPLLEDAVQSMEQAIVANEENHKPGNFEKARLRAAETIVPFTCLLGLFLEGSEFEQIRAEQPLSLPPKPPQKRNWIGRTVAFAGNNMLVLYHCPGNLSNDVPSGDHGSKYFVQVLHEVPVAMPGCGNMELCPFEVFKEQIVKPHLKHDFNSVCKVKLELPESTKPPSTSCKYSSFFRRLFFGKDSNTDTGNQKTEL		55.0
3.1.3.72		F6IQ86		MKAIIPFLSLLIPLTPQSAFAQSEPELKLESVVIVSRHVRAPTKATQLMQDVTPDAWPTWPVKLGWLTPRGGELIAYGHYQRQRLVADGLAKKGCPQPQVAIIADVDERTRKTGEAFAAGLAPDCAITVHTQADTSSPDPLFNPLKTGVCQLDNANVTDAILSRAGGSIADFTGHRQTAFRELEQVLNFPQSNLCLNREKQDKSSLTQALPEKVSADNVSLTGAVSLASMLTEIFLLQQAQGMPEPGGRITDSHQWNTLLSLHNAQFYLLQRTPEVARSRATPLLDLIKTALTPHPQQAYGVTLPTSVLFIAGHDTNLANLGGALELNWTLPGQPDTPPGGELVFERWRRLSDNSQWIQVSLVFQTLQQMRDKTPLSLNTPPGEKLTLAGCEERNAQGMCSLAGFTQIVNEARIPACSL		60.0
3.1.3.72		Q0ZQJ3		MGRSHLLQKSGCRILAVISCLLILLMAVQAAAKQEEAVLRDAKTGAVFPRSLRFMTDTFTKSLQPVPSRQGLDKLRCSASAEFSGSGLSIRDKIRTAASDAVIYVVDLRKESHGFVNGDIPVSQYMKKNRGNVKLKAAAVKQVEGKWLQSLVGKELTFVPMGKTDTKLFPASVKVEKVETEEALARGMRYKRILITDQMAPTDEEVDAFMAFYKSLPKNALHFHCHAGHGRTTTFAVFYDILSNPAVAMDDIVARQYALGGTNLFAGKDNWKGKEIRKRAEQIRKFYAYVQANRSQYAQTFSAWKAQR		55.0
3.1.3.72		O58216		MIRVFFDFVGTLLSVEGEAKTHLKIMEEVLGDYPLNPKTLLDEYEKLTEAFSNYAGPYRPIRDIEEEVMRKLAEKYGFKYPENFWEIHLRMHQRYYPEVVEVKSLKGKYHVGMITDSDTEYLMAHLDALIKDLFDSTTSEEAGFFKPHPRIFELALKKAGVKGEEAVYVGDNPVKDCGSKNLGMTSILLDRKGEKREFWDKCDFIVSDLREVIKIVDELNGQ		95.0
3.1.3.75		Q8TCT1		MSGCFVSGLCSRDGRMAQGAPRFLLTFEIVDENSDDSIVRAAPGQRLPESLRATYREGFYNEYMQRVFKGEQRPLSAIYEALSPGMSDLQFVAKQGAFEVILISDANTFVSSLRAGHSFRILSNSGDRGLALRFHTHSCARCPANMCHKVLSDLRERAHDGVHFELFYVGANDFCPMLLAGDVAFPRGYPHRLQEAQKEPSSFRASVVPETAADVRLHLQQVLKSC		37.0
3.1.3.75		Q9HTR2		MTFAKGILAALALAAAVGQASATELEHWAPAAQNALIENANKGAYAVMNSYRYDLEESLLPEMKLTRLDPSLKLFKDQAGHKESFSYYYRLCEIDDMVYPWVAQVFSGFTLRELKGYVDELMAYGKPIPATYYDGDKLATLDVEPPRVFSGQRELYNKLMENIVYVISAEEVMVAADRYGYNAKPENVIGVTTLLKNRKTGELTTARKQIAEGKYDKNLDEVTYLWTPATWMAGQAAILTIDRWKPILVATPDSDGYMLFNTAENVHLWVNKAKYEQINGMKQHSAQAKAGLPVTADRNVIVTPEQIQ		37.0
3.1.3.8		O93838		MGVSAVLLPLYLLSGVTSGLAVPASRNQSTCDTVDQGYQCFSETSHLWGQYAPFFSLANKSAISPDVPAGCHVTFAQVLSAYPTDSKGKKYSALIEEIQQNATTFEGKYAFLKTYNYSLGADDLTPFEQELVNSVKFYQRYESLTRNIVPFIRSSGSSVIASGNKFIEGFQSTKLKDPRAQPGQSSPKIDVVISEASTSNNTLDPGTCTVFEDSELADDIEANFTATFVPSIRQRLENDLSGVSLTDTEVTYLMDMCSFDTISTSTVDTKLSPFCDLFTHEEWINYDYLQSLNKYYGHGAGNPLGPTQGVGYANELIARLTHSPVHDDTSSNHTLDSNPATFPLNSTLYADSDNGIISILFALGLYNGTKPLSSTTAENITQTDGFSSAWTVFASRMYVEMMQCQSEQEPLVRVLVDRVVPLHGCPVDALGRCTRDSFVKGLSFARSGGDWGECFA		58.0
3.1.3.8		P34752		MGVSAVLLPLYLLSGVTSGLAVPASRNQSSCDTVDQGYQCFSETSHLWGQYAPFFSLANESVISPEVPAGCRVTFAQVLSAYPTDSKGKKYSALIEEIQQNATTFDGKYAFLKTYNYSLGADDLTPFEQELVNSIKFYQRYESLTRNIVPFIRSSGSSVIASGKKFIEGFQSTKLKDPRAQPGQSSPKIDVVISEASSSNNTLDPGTCTVFEDSELADTVEANFTATFVPSIRQRLENDLSGVTLTDTEVTYLMDMCSFDTISTSTVDTKLSPFCDLFTHDEWINYDYLQSLKKYYGHGAGNPLGPTQGVGYANELIARLTHSPVHDDTSSNHTLDSSPATFPLNSTLYADSDNGIISILFALGLYNGTKPLSTTTVENITQTDGFSSAWTVFASRLYVEMMQCQAEQEPLVRVLVDRVVPLHGCPVDALGRCTRDSFVRGLSFARSGGDWAECFA		42.0
3.1.3.8		B3VPB3		MGVSAVLLPLYLLSGVTSGLAVPASRNQSTCDTVDQGYQCFSETSHLWGQYVPFFSLANESAISPDVPAGCRVTFAQVLSAYPTDSKGKKYSALIEEIQQNATTFDGKYAFLKTYNYSLGADDLTPFEQELVNSIKFYQRYESLTRNIIPFIRSSGSSVIASGKKFIEGFQSTKLKDPRAQPGQSSPKIDVVISEASSSNNTLDPGTCTVFEDSELADAVEANFTATFVPTIRQRLENDLSGVSLTDTEVTYLMDMCSFDTISTSTVDTKLSPFCDLFTHDEWINYDYLQSLKKYYGHGAGNPLGPTQGVGYANELIARLTHSPVHDDTSSNHTLDSNSATFPLNSTLYADSDNGIISILFALGLYNGTKPLSTTTVQNITQTDGFSSAWTVFASRLYVEMMQCQAEQEPLVRVLVDRVVPLHGCPVDALGRCTRDSFVKGLSFARSGGDWAECFA		50.0
3.1.3.8		O00085		MGFLAIVLSVALLFRSTSGTPLGPRGKHSDCNSVDHGYQCFPELSHKWGLYAPYFSLQDESPFPLDVPEDCHITFVQVLAASPTHSKTKAYAATIAAIQKSATAFPGKYAFLQSYNYSLDSEELTPFRNQLRDLAQFYERYNALTRHINPFVRATDASVHESAEKFVEGFQTARQDDHHANPHQPSPRVDVAIPEGSAYNNTLEHSLCTAFESSTVGDDAVANFTAVFAPAIAQRLEADLPGVQLSTDDVVNLMAMCPFETVSLTDDAHTLSPFCDLFTATEWTQYNYLLSLDKYYGYGGGNPLGPVQGVGWANELMARLTRAPVHDHTCVNNTLDASPATFPLNATLYADSDSNLVSIFWALGLYNGTAPLSQTSVESVSQTDGYAAAWTVFAARAYVEMMQCRAEKEPLVRVLVDRVMPLHGCPTDKLGRCKRDAFVAGLSFAQAGGNWADCF		70.0
3.1.3.8		C4PKL2		MPSNNINMWWLLAAAVAVAAPTARTPRENAVAEFTKRTSLVRETDAHLQGKYQIGAAARDMTSRVVSMTSGPSTEGKRSAGFAIGADGRERKAVHTVAYSHLIAPAYTEPHDRPKNAIAFFRDIKEHRLYGSAGIERHKHNSTRPAHGP		36.0
3.1.3.8		C4PKL4		MSIWRPFLLLLAAATAMEGLLQEDVIADFAKGTSVVRETDAQLQGKYQIGAAVREMASQLVSLTSAPSTQGKSAKEFVIAANSKDRKAVHSAAYSYIIVPAHTEPRELSTDDMGFFSDIKEHKLYQGAVGIGRLSSSIAAYF		36.0
3.1.3.8		C4PKK7		MWMWRLLLLLAAAVAAAATTRALREDAIAEFTKGTSLVRQSDAQLQAKYQLGAAVRDMASRLVCMAAGAGTEGKRSTGFALGADGRERKAVHTVAHSHLIAPAHTEPHDRPKNAIGFSRDIKEHRHYGSAGIHRHKHNSSRPAHGRSNTTRESGG		36.0
3.1.3.8		C4PKK9		MWMWRPLLLAAAVAAAATERPLREDVIADFAKGTSLARETEAQILGKYQIGADVREMASQLLSLTSAPSTQGKSAMEFAIAADSKERKAVYSAAYSYLIVPAHTDPREMSTDAMGFFSDIKEYKLYQGAVGIERLKSSIAAYF		36.0
3.1.3.8		C4PKL6		MRRPPLLLLAAVAAVAATAVPATSRAIGDVVSDYAEGAALDHETESQLQGRVRIDGAVGDLVRRLLCLAAAPSIQHRSSEGSAVASDSRAKAEIHTAEYAYVVVAPHAEAHDASTDPMGRLAREVRDHRLHAANVAAVDKAKTARLLAY		36.0
3.1.3.8		A2TBB4		MVSVSKLINNGLLLVGQGAYQDLASPQQASVEQYNIIRFLGGAAPYIQNKGFGISTDIPDQCTLEQVQLFSEYPSTGSGKKYKAVYEKLMSYNGTFKGELAFLNDDYEYFVPDSVYLEKETSPKNSDSIYATTDAMKHIAFRTKYGELFDTNDTLPVFTSNSGVYQTSQYFARGFMGDDFSNDTVKTNIISEDADMGANSLTPRDGCFNYNENANTAIVDEYTTEYLTKALNRFKASNPGLNITEDDVSNLFGYCAYELNVKGASPMCDIFTNEEFIQYSYSVDLDDYYSNSAGNNMTRVIGSTLLNASLELLNHDKNENKIWLSTDTDIEIFHSAIGILIPDEDLPVDYTPFPSPYSHVGITQGARTIIEKYACGNESYVRYVIDAVIPIKKCSSGPGFSCNLNDYNDYVAERVAGTNYVEQCGNNNASAVTFYWDYETTNYTASLINS		60.0
3.1.3.8		B3VPB2		MGVSAVLLPLCLLSGVTSGLAVPASRNQSTCDTVDQGYQCFSETSHLWGQYAPFFSLANESAISPDVPAGCRVTFAQVLSAYPTDSKGKKYSALIEEIQQNATTFDGKYAFLKTYNYSLGADDLTPFEQELVNSIKFYQRYESLTRNIIPFIRSSGSSVIASGKKFIEGFQSTKLKDPRAQPGQSSPKIDVVISEASSSNNTLDPGTCTVFEDSELADAVEANFTATFVPSIRQRLENDLSGVSLTDTEVTYLMDMCSFDTISTSTVDTKLSPFCDLFTHEEWINYDYLQSLKKYYGHGAGNPLGPTQGVGYANELIARLTHSPVHDDTSSNHTLDSNPATFPLNSTLYADSDNGIISILFALGLYNGTKPLSTTTVENITQTDGFSSAWTVFASRLYVEMMQCQAEQEPLVRVVVDRVVPLHGCPVDALGRCTRDSFVRGLSFARSGGDWAECFA		50.0
3.1.3.8		B7GTV0		MSTRVMKRIVGSVACLAASAMLLPGTIRPAQAMEADGRYYSSKQPYVAPNDATASSYSKAPKGYGPIYTESMASGLSSYKYDALLMRMAETAARDGGFKSEAIKAEFVKNLSGITAANVENGYGMLTGQAQQHYGIERAYQRNRSLFDQAAADGGTIAYQSSGEAATESGENFEKGFNEASGGRLIGNVSAPTNPADSGNGKDFQKNPDTLYFHKVQNPDGTSKVPGTKAYDIANNYQNFVANDATIAGAEKTIGDNVDVKRASHDLLSQIFTEEFLAKLENGEYKWYNTTDGTKKGGKNCAPGADASKDPDACGEVSKKIKSEYDAAMDLYNLYIIAADMHNENTGDHTFAFDQYFQGAYADDARMFAWALDAEDFYEKGPSYAGQNETYSIAQPLLDDFLNTIDARVNGGSTVATFRAAETMMPFAALLGLPGSTQQAPASTTDVYTYGNNEWRGESVTMAANVQWDVYARKGEDPATGQRYTPIVRMLYENEVPFRSECTPVADGSTWYKLTELKSCLAADHKTLGQDARIAEQADATPSPQPSGKPATDSDAATHAAGKGTAAGQASSTTNARPTSLARTGSSVTVFVVLTVGLMLIGVSLNVWRMRR		50.0
3.1.3.8		C0BTR1		MRIMAKNHTATKEQRQAGAWRKRGTKSVGGGMLALTSAVVAAAMLATPAALAGEGTARYYSSKQPYVAPASTSYSAIPSRYHLAYTESVASGLSSYKYDALLALMAQSAAENNYAGFVSPEVGKEFINNVNAITAANVGNGYGMLSGQAIQHQGIERIYQRDADLFANAAKQGLRVSYQSSGEPATESGENFKLGFDQASNGLLANAVVAPNNPADNNSGKNFDKNTTTLYFHKTDNPDGTQKTGEAKERAERYQQFVANDGGIAEAEENVTNDPSMTTASHNLLSQIFTDDFLASIGKEEGQRIWYNTADGTKKGAANCAAGADPAKDANACGDAKKKIASEQDAAMDLYNLYIIAADMEQENTGSHTFNFDQYFQGQHAQEAKTFAWSLDAEDFYEKGPGRAGQDETYRIAQPLLDDFFNAIDTRERAGTAATFRAAETIIPFAALLKLPGSQQQASELYTYENNPWRGESVTMAANVQWDVVVRDGTDVSGQPYQPLVRMLYEKEIGFNDSCTPIADGSTWYKESELKSCLNGKGTTVDARLTDEEGQPETPGHESTPDDSQKAPGANDANGQRKHPVKSSANGGDAVKLAKTGSNVTPAIVATVVMVSSAIFGGSYARRSRRKA		50.0
3.1.3.8		Q6YNE9		MFDIALRSGPARGGVSHRVRTCDTVDGGYQCFPRLSHRWGQYSPYFSLANTGLPSEVPEKCELTFVQVLSAYPTASKSKKYKSLIQAIQANATAYNGQSVFLRAYNYTLGSEDLTSFEHQMINSIKFYQRYAALTRDHVPFIRSSDSSVVASGQLFIQGYEQSKAQDCDADHSQDHAAINVLISEAPGANNTLNHNTCAAFEADKLGDQVSAKYTALIAPPMAQRLHHDLPGVTLTDDQVIYLMDMCAYDTVATTPGATSLSPFCALFTDTEWSQYNYLQSLGKYYGYGAGNPLGPTQGVGFINELIARMTHSPVHDHTTSNRTLDAPGADSFPTNRTLYADTDNGMIPIFFALGLYNGSDPLPHDRIVPATQADGYSAAWAVFAARAYIEMMQCGRETEPLVRVLIDRVAPLKGCNVDQLGRCKRSDFVNALSFAQDGGDWAKCGVSSK		55.0
3.1.3.8		D9I0I9		VSHRVRTCDTVDGGYQCFPQLSHRWGQYSPYFSLANTGLPSEVPEKCELTFVQVLSAYPTASKSKKYKSLIQAIQANATAYNGQSVFLRAYNYTLGSEDLTSFEHQMINSIKFYQRYAALTRDHVPFIRSSDSSVVASGQLFIQGYEQSKAQDCDADHSQDHAAINVLISEAPGANNTLNHNTCAAFEADKLGDQVSAKYTALIAPPMAQRLHHDLPGVTLTDDQVIYLMDMCTYDTVATTPGATSLSPFCALFTDTEWSQYNYLQSLGKYYGYGAGNPLGPTQGVGFINELIARMTHSPVHDHTTSNRTLDAPGADSFPTNRTLYADTDNGMIPIFFALGLYNGSDPLPLDRIVPATQVDGYSAAWAVFAARAYIEMMQCGRETEPLVRVLIDRVAPLKGCNVDQLGRCKRSDFVNALSFAQDGGDWAKCGVSSK		55.0
3.1.3.8		A0A125R6G8		MNAPVFETSAKDEIATNRFLAGSNYLDYDRQLTDKALTPAPKNYEPYYMSHYGSWLISDGNYSKPLATLKAAKEQGKLTPLGEKTLATIEAIYATAHKRLGDLTTVERQHHGIKRMVQHFPEIFKTKNLKIDARSTTVNCILSMIAECEELAAANPTAQIHNDVSESLQYYLNQPWDGLVAKLGRTTGDKEEREYAYKYSHPERLMKALFNDEAYVYNNVNAGSLMRQLFHVACNMQSHDTDLELFSLFTDEEVYDQWRQKNVGWYLDYGASPVSGGKMPFSQLNLLKNIIATADTVTQTQATLRGEVCVMPLACLLELDNCGMVVNNLDELDKYWRNYRIFMGCNIQLIFYRPKKGKTGDILVKALLEREAYLPIKTNQWPYYNWQELRTYYKNKIAAFEAENK		55.0
3.1.3.8		Q0GYS1		MAFSLHALIFALLLAAAAANDEPFDVRRHLSTVSSYDAAKNVILGSFVPSSVPDGCRAIHLNLVATAPTKKRIKEMDQLAIRLDALLTDAKEKTHDSSLPPNIPSWLSGWQSPWKGRQTGGELISKEDELYHLTRIRERFPDLFDEEYHPHIYSIRATQVPASASAVAFGIGLFSGRGHLGPGKNRAFSVISESRASDTCLRFFDSCETYKEYRKHEEPAVSKLKEPVLDGIVVALVSRYQLNFTRQDVASLWFLCKQEASLLDITNQACGLFNPSEVSLLEWTDDLEAFIVKGYGNSVNYRMGVPLLEDAVQSMEQAIVANEENHKPGNFEKARLRAAETIVPFTCLLGLFLEGSEFEQIRAEQPLSLPPKPPQKRNWIGRTVAFAGNNMLVLYHCPGNLSNDVPSGDHGSKYFVQVLHEVPVAMPGCGNMELCPFEVFKEQIVKPHLKHDFNSVCKVKLELPESTKPPSTSWIKFY		55.0
3.1.3.8		Q0GYS2		MAFSLHALIFALLLAAAAANDEPFDVRRHLSTVSSYDAAKNVILGSFVPSSVPDGCRAIHLNLVATAPTKKRIKEMDQLAIRLDALLTDAKEKTHDSSLPPNIPSWLSGWQSPWKGRQTGGELISKEDELYHLTRIRERFPDLFDEEYHPHIYSIRATQVPASASAVAFGIGLFSGRGHLGPGKNRAFSVISESRASDTCLRFFDSCETYKEYRKHEEPAVSKLKEPVLDGIVVALVSRYQLNFTRQDVASLWFLCKQEASLLDITNQACGLFNPSEVSLLEWTDDLEAFIVKGYGNSVNYRMGVPLLEDAVQSMEQAIVANEENHKPGNFEKARLRAAETIVPFTCLLGLFLEGSEFEQIRAEQPLSLPPKPPQKRNWIGRTVAFAGNNMLVLYHCPGNLSNDVPSGDHGSKYFVQVLHEVPVAMPGCGNMELCPFEVFKEQIVKPHLKHDFNSVCKVKLELPESTKPPSTSCKYSSFFRRLFFGKDSNTDTGNQKTEL		55.0
3.1.3.8		A2TEY6		MFDIALRSGPTRGGVSHRVRTCDTVDGGYQCFPQLSHRWGQYSPYFSLANTGLPSGVPEKCELTLVQVLSAYPTASKSKKYKSLIQAIQANATAYNGQSVFLRAYNYTLGSEDLTSFEHQMINSIKFYQRYAALTRDQVPFIRSLDSSVVASGQLFIQGYEQSKAQDCDADHSQDHAAINVLISEAPGANNTLNHNTCAAFEADKLGDQVSAKYTALIAPPMAQRLHHDLPGVTLTDDQVIYLMDMCAYDTVATTPGATSLSPFCALFTDTEWSQYNYLQSLGKYYGYGAGNPLGPTQGVGFINELIARMTHSPVHDHTTSNRTLDAPGADSFPTNRTLYADTDNGMIPIFFALGLYNGSDPLPLDRIVPATQVDGYSAAWAVFAARAYIEMMQCGRETEPLVRVLIDRVAPLKGCNVDQLGRCKRSDFVNALSFAQDGGDWAKCGVSSK		44
3.1.3.8		D3HIF3		MVAIQKALVPGLYLASNYRDVAAPELAARDQYNIVKYLGGAGPYIQLEGFGIDTKVPDQCTVELVQLYMEYPGLSAGQQQHALVKKLQSYNRTITGPLSFLNDYTYYVPNEDVYELETTPWNSNSPYTYDTAVKAAAFRAKYNHLYNENKTLPVFAAASQVYDTGNFFAQGFLGPDYLNKTVDHVVLSEEDFLGINSLVPRWGCKAFNSSSNDELIAQFPTNYTQDIVKRLTEGNEGLNLTTSDVSNLFQLCAYELSATGYSPFCDIFTQDELVLHSYASDLQYYYTSGPGGNLTRTVGAVQLNASLALLKQEESDNNIWLSTDTDIEIFHAALGLFDPIEPLPVNETRFRDMYHHVDVVMGSRTITEKLKCGDETYVRFIVDAVVPVPKCQNGPGFSCELSDFEAYVAERLSGIDIVKDCKVPDNVPQELTFYWDYQSGQYNATAERITR		75.0
3.1.3.8		Q6T9Z6		MGVSAVLLPLYLLSGVTSGLAVPASRNQSTCDTVDQGYQCFSETSHLWGQYAPFFSLANESVISPEVPAGCRVTFAQVLSAYPTDSKGKKYSALIEEIQQNATTFDGKYAFLKTYNYSLGADDLTPFEQELVNSIKFYQRYESLTRNIIPFIRSSGSSVIASGKKFIEGFQSTKLKDPRAQPGQSSPKIDVVISEASSSNNTLDPGTCTVFEDSELADTVEANFTATFVPSIRQRLENDLSGVSLTDTEVTYLMDMCSFDTISTNTVDTKLSPFCDLFTHEEWINYDYLQSLKKYYGHGAGNPLGPTQGVGYANELIARLTHSPVHDDTSSNHTLDSNPTTFPLNSTLYADSDNGIISILFALGLYNGTKPLSTTTVENITQTDGFSSAWTVFASRLYVEMMQCQAEQEPLVRVLVDRVVPLHGCPADALGRCTRDSFVKGLSFARSGGDWAECFA		55.0
3.1.3.8		G8GYH6		MGVSAVLLPLYLLSGVTSGLAVPASRNQSTCDTVDQGYQCFSETSHLWGQYAPFFSLANESAISPDVPAGCKVTFAQVLSAYPTDSKGKKYSALIEEIQQNATTFDGKYAFLKTYNYSLGADDLTPFEQELVNSIKFYQRYESLTRNIIPFIRSSGSSVIASGKKFIEGFQSTKLKDPRAQPGQSSPKIDVVISEASSSNNTLDPGTCTVFEDSELADAVEANFTATFVPSIRQRLENDLSGVTLTDTEVTYLMDMCSFDTISTSTVDTKLSPFCDLFTHDEWINYDYLQSLKKYYGHGAGNPLGPTQGVGYANELIARLTHSPVHDDTSSNHTLDSNLATFPLNSTLYADSDNGIISILFALGLYNGTKPLSTTTVENITQTDGFSSAWTVFASRLYVEMMQCQAEQEPLVRVLVDRVVPLHGCPVDALGRCTRDSFVRGLSFARSGGDWAECFA		55.0
3.1.3.8		P34754		MPRTSLLTLACALATGASAFSYGAAIPQSTQEKQFSQEFRDGYSILKHYGGNGPYSERVSYGIARDPPTGCEVDQVIMVKEYPSPSAGKSIEEALAKVYSINTTEYKGDLAFLNDWTYYVPNECYYNAETTSGPYALLDAYNHNDYKARYGHLWNGETVVPFFSSGYGVIETARKFGEGFFGYNYSTNAALNIISESEVMGADSLTPTCDTDNDQTTCDNLTYQLPQFKVAAARLNSQNPGMNLTASDVYNLIVMASFELNARPFSNWINAFTQDEWVSFGYVEDLNYYYCAGPGDKNMAAVGAVYANASLTLLNQGPKEAGPLFFNADTNITPILAALGVLIPNEDLPLDRVAFGNPYSIGNIVMGGHLTIERLSCQATALSDKGTYVRLVLEAVLPFNDCTSGPGYSCPLANYTSILNKNLPDYTTTCNVSASYPQYLSFWWNYNTTTELNYRSSPIACQEGDAMD		60.0
3.1.3.8		A0A2H4W727		MLSPRRVKYLLLNMTLLLFTASAMICLLASIVFLLNPQASYSLPNSLQGLQAALPSYLQIHHGGWWSGEPDYQAASGHTVDKDEWNLLYHLGGNGPWVEKVDGVVEGGIQVPDGCEVDMVHMMSEFPTQKAGNRMISLLERISEVKSTGKELKGALEFLNDWEYFTNSPGEHFEQLTTTGPYAVLEAFTTVKLHTRYGHLWNETLHGRTTVWASECDVIDTARYFSAGFFGLDPKASKLEIVSEAANKGGDTLTPGDTCIKYAQDEEEGHDYGYEMLYKYRATYLSDISKRLANDNEGFDFTDSEIYSMQEMCGFETTVRGSSKWCDVFTKEEWLSFEYARDVIHYYRAGPGNKYAKSMGWLWLNATANLIAEGPDTAGSLYFSVDGDIVPMLAALGLFEDAEQLPVDRIAKDRKWKTSQITMGGRIIFERMNCAVKGSGEGDIYIRLNVDGIVALEGCNDGPGKSCPLNSFLKHVKTRGEIGGDFRKTCGLAEDAADRLTFLRQPMGKMEEVEVVAVEAVKEKEKEKKKRFWGM		25.0
3.1.3.8		Q1KNE3		MAVLSVLLPITFLLSSVTGTPVTSPRQQSCNTVDEGYQCFSGVSHLWGQYSPYFSVDDESSLSEDVPDHCQVTFAQVLSAYPTKSKSEKYAKLIKAVQHNATSFSGKYAFLKSYNYSLSADDLTPFENQLVDSIKFYQRYEELAKNVVPFIRASGSDVIASGEKFIEGFQKAKLGDSKSKRGQPAPIVNVVITETEGFNNTLDHSLCTAFENSTTGDDAEDKFTAVFTPSIVERLEKDLPGTTLSSKEVVYLMDMCSFDTIALTRDGSRLSPFCALFTQEEWAQYDYLQSVSKYYGYGGGNPLGPAQGIGFANELIARLTKSPVKDHTTTNTTLDSNPATFPLNATLYADSDNTMTSVFFALGLYNTTEPLSQTSVQSTEETNGYSSARTVFGARAYVEMMQCTDEKEPLVRVLVDRVIPLQGCDADEYGRCKRDDFVEGLSFVTSGGNWGECFA		50.0
3.1.3.8		Q5XNQ9		MVTLTFLLSVAYLLSGRVSGAPSSAGSKSCDTVELGYQCSPATSHLWGQYSPFFSLDDELSVSSELPKDCRVTFVQMLSAYPTSSKSKKYKQLVTALQRNATSFKGKFAFLKTYNYTLGADDLTPFEQQMVNSIKFYQKYKALARSVVPFIRSSGSDVIASGEKFIEGFQQAKLADSGATNRAAPVISVIIPESETFNNTLDHSVCTNFEASELGDEVAANFTALFAPAIRARAEKHLPGVKLTDDDVVSLMDMCSFDTVARTSDASQLSPFCALFTHNEWKKYDYLQSLGKYYGYGAGNALGPAQGIGFTNELIARLTRSPVQDHTSTNSTLDSNPATFPLNATIYVDSDNGMIPIFFAMGLYNGTEPLSLTSVESTKDSDGYSASWAVFAARAYFETMQCKSEKEPLVRALIDRVVPLHGCAVDKLGRCKLNDFVEGLSWARSGGNWGECFS		55.0
3.1.3.8		V5M269		MTGLGVMVVMVGFLAIASLQSESRPCDTPDLGFQCGTAISHFWGQYSPYFSVPSELDASIPDDCEVTFAQVLSAAPTLKRAASYVDLIDRIHHGAISYGPGYEFLRTYDYTLGADELTRTQQQMVNSIKFYRRYRALARKSIPFVRTAGQDVVHSAENFTQGFHSALLADRGSTVRPTLPYDMVVIPETAGANNTLHNDLCTAFEEGPYSTIGDDAQDTYLSTFAGPITARVNANLPGANLTDADTVALMDLCPFETVASSSSDPATADAGGGNGRPLSPFCRLFSESEWRAYDYLQSVGKWYGYGPGNPLGPTQGVGFVNELLARLAGVPVRDGTSTNRTLDGDPRTFPLGRPLYADSDNDMMGVLGALGAYDGVPPLDKTARRDPEELGGYAASWAVFAARIYVEKMRCSGGGGGGGGGEGRQEKDEEMVRVLVDRVMTLKGCGADERGMCTLERFIESMAFARGNGKWDLCFA		60.0
3.1.3.8		O00107		MTGLGVMVVMVGFLAIASLQSESRPCDTPDLGFQCGTAISHFWGQYSPYFSVPSELDASIPDDCEVTFAQVLSAAPTLKRAASYVDLIDRIHHGAISYGPGYEFLRTYDYTLGADELTRTQQQMVNSIKFYRRYRALARKSIPFVRTAGQDVVHSAENFTQGFHSALLADRGSTVRPTLPYDMVVIPETAGANNTLHNDLCTAFEEGPYSTIGDDAQDTYLSTFAGPITARVNANLPGANLTDADTVALMDLCPFETVASSSSDPATADAGGGNGRPLSPFCRLFSESEWRAYDYLQSVGKWYGYGPGNPLGPTQGVGFVNELLARLAGVPVRDGTSTNRTLDGDPRTFPLGRPLYADSDNDMMGVLGALGAYDGVPPLDKTARRDPEELGGYAASWAVFAARIYVEKMRCSGGGGGGGGGEGRQEKDEEMVRVLVDRVMTLKGCGADERGMCTLERFIESMAFARGNGKWDLCFA		60.0
3.1.3.8		A7U7M0		EYPGLDLGGTLEDIYKKFKEYNGTFKGDLAFLNDYTYFADNKNLYEKETTPMNSEGLFSTSDAMRHAAFRAKYGSLYKENTTLPVFSSSSGVFLTGEYFTRGFFGEEYSDETHKYVIVDEDPLMGGNSLTPSNGCTAFDWYASDKLLEAYDTSYLDDIADRFNNANKGLNISSTEVSHLFDWCAYELNVRGASPFCDIFTNEEFIRASYAQDLLYYYSNGPGNNDSALVGSPILEASLKLLKDTEAKNQLWLSTDSEIEFFHAALGLLSPKEHLPLGYIPVPNPYVHASIVQGARIYIEKYGCGNDSYVRIIVDAVVPIEKCSSGPGFSC		65.0
3.1.3.8		A5A5J1		MKVPKTMLLSTAAGLLLSLTATSVSAHYVNEEHHFKVTAHTEDPVASGDDAVHEKHPEKSKLITNKSVVDDGKQLHSYEFKLLRYDFPNGEKIIAASNSEGKNTIEVYAIDGDKGKLKSITDPNHPISTNISEVFSLYHSQKTAFYLVTSKQGEFEQYEIVDGGKGYVTGNKVEFKLNSTLVADEYGNLYIAEDEAIWKFNEPGGGSKGQVVDRATDHLTAILTIYYAPNGKGMASNNSYAMYERQGKNRYVANEITDGEKITSDTIDLGFGPKYPYIFAENIDNGQAVNQNFIVSWEQIAQHLGEMPDLHKQVNPRKLKDRSDG		55.0
3.1.3.8		Q8KTX7		MNFYKTLALSTLAASLWSPSWSSLPHNEAAAHKEFTVTADAEEPVDTPDDAVHPKQPEDSRLITNKSIVDKGKQLAAYPFKLLRYNFPDGKKIIGASNSDGKNTVEIYAFDGEKSKLKNIVNPQKPIQTDIQEVFSLYHSQKTKFYMVTGKNGEFEQYELFDNGKGQVEGKKVSFKMSSTLAADEYGKMYIAEDVAIWSFSEPDGGDKGKIVDRADPHLTSILTIYYGEDGEGIASDDRYAIYDRRGKNDYVTASIEDGKEITSDTIDIGFGKTYPYIFAENTENGQPANQNFIVSWEKIADALDDKPDIDDQVDPRKLKNRAK		65.0
3.1.3.8		O31097		MNHSKTLLLTAAAGLMLTCGAVSSQAKHKLSDPYHFTVNAAAEEPVDTAGDALDPKTPQNSKLITNKSVVSDGKMLHSYNTKLIRYDFPNGKKVIAASNSEGKNTIEIYAIDGKNGTLQSMTDPDHPIATAINEVFTLYHSQKTKYYMVTGKEGEFEQYELKADKNGYISGKKVAFKMNSTMAADEYGRLYIAEDEAIWKFSEPDGGSNGTVIDRADRHLTRILTIYYAADGKGMASNSSYAIYDRQGKNKYVADRITDGPETTSDTIDLGFGPEYPFIFAENIDHGQKANQNFIVPWERIADQIGFRPLANEQVDPRKLTDRSGK		39.0
3.1.3.8		P42094		MKVPKTMLLSTAAGLLLSLTATSVSAHYVNEEHHFKVTAHTEDPVASGDDAVHEKHPEKSKLITNKSVVDDGKQLHSYEFKLLRYDFPNGEKIIAASNSEGKNTIEVYAIDGDKGKLKSITDPNHPISTNISEVFSLYHSQKTAFYLVTGKQGEFEQYEIVDGGKGYVTGKKVEFKLNSTLVADEYGNLYIAEDEAIWKFNEPGGGSKGQVVDRATDHLTAILTIYYAPNGKGMASNNSYAMYERQGKNRYVANEITDGEKITSDTIDLGFGPKYPYIFAENIDNGQAVNQNFIVSWEQIAQHLGEMPDLHKQVNPRKLKDRSDG		37.0
3.1.3.8		Q84B22		MNHSKTLLLTAAAGLMLTCGAVSSQAKHKLSDPYHFTVNAAAEEPVDTAGDALDPKNPQNSKLITNKSVVSEGKTLHSYHTKLIRYDFPNGKKVIAASNSEGKNTIEIYAIDGKNGTLQSITDPDRPIASAIDEVFSLYHSQKTKYYMVTGKEGEFEQYELNADKNGYISGKKVAFKMNSTMAADEYGSLYIAEDEAIWKFSEPDGGSNGTVIDRADRHLTPILTIYYAADGKGLASNSSYAIYERQGQNKYVADQITDGPETTSDTIDLGFGPEYPFLFAENIDHGQKVNQNFMVPWERIADKIGFHPQVNKQVDPRKLTDRSGK		37.0
3.1.3.8		Q93GB6		MNHSKTLLLTAAAGLMLTCGAVSSQAKHKLSDPYHFTVNAAAEEPVDTAGDALDPKNPQNSKLITNKSVVSEGKMLHSYPTKLIRYDFPNGKKVIAASNSEGKNTIEIYAIDGKNGTLQSITDPDRPIASAIDEVFSLYHSQKTKYYMVTGKEGEFEQYELNADKNGYISGKKVAFKMNSTMAADEYGSLYIAEDEAIWKFSEPDGGSNGTVIDRADRHLTPILTIYYAADGKGLASNSSYAIYERQGQNKYVADQITDGPETTSDTIDLGFGPEYPFFFAENIDHGQKANQNFMVPWERIADKIGFHPQVTKQVDPRKLTDRSGK		37.0
3.1.3.8		Q9F657		LSDPYHFTVNAAAEEPVDTAGDALDPKNPQNSKLITNKSVVSEGKTLHSYHTKLIRYDFPNGKKVIAASNSEGKNTIEIYAIDGKNGTLQSITDPDRPIASAIDEVFSLYHSQKTRYYMVTGKEGEFEQYELNADKNGYISGKKVAFKMNSTMAADEYGSLYIAEDEAIWKFSEPDGGSNGTVIDRADRHLTPILTIYYAADGKGLASNSSYAIYERQGQNKYVADQITDGPETTSDTIDLGFGPEYPFLFAENIDHGQKVNQNFMVPWERIADKIGFHPQVNKQVDPRELTDRSGK		37.0
3.1.3.8		H9C9P0		MKVSKTMLLSTAAGLLLSLTATSVSAHYVNEEHHFKVTAHTEDPVASGDDAVHEKHPEKSKLITNKSVVDDGKQLHSYEFKLLRYDFPNGEKIIAASNSEGKNTIEVYAIDGDKGKLKSITDPKHPISTNISEVFGLYHSQKTAFYLVTGKQGEFEQYEIVDGGKGYVTGKKVEFKLNSTLVADEYGNLYIAEDEAIWKFNEPGGGSKGQVVDRATDHLTAILTIYYAPNGKGMASNNSYAMYERQGKNRYVANEITDGEKITSDTIDLGFGPKYPYIFAENIDNGQTVNQNFIVSWEQIAQHLGGMPDLHKQVNPRKLKDRSDG		50.0
3.1.3.8		O66037		MNHSKTLLLTAAAGLMLTCGAVSSQAKHKLSDPYHFTVNAAAEEPVDTAGDALDPKNPQNSKLITNKSAVSEGKMLHSYHTKLIRYDFPNGKKVIAASNSEGKNTIEIYAIDGKNGTLQSITDPNRPIASAIDEVFSLYHSQKTKYYMVTGKEGEFEQYELNADKNGYISGKKVAFKMNSTMAADEYGSLYIAEDEAIWKFSEPDGGSNGTVIDRADRHLTPILTIYYAADGKGLASNSSYAIYERQGQNKYVADQITDGPETTSDTIDLGFGPEYPFLFAENIDHGQKANQNFMVPWERIADKIGFHPQVNKQVDPRKMTDRSGK		80.0
3.1.3.8		A0A0G4QKE4		MNHSKTLLLTAAAGLMLTCGAVSSQAKHKLSDPYHFTVNAAAEEPVDTAGDALDPKNPQNSKLITNKSVVSEGKTLHSYHTKLIRYDFPNGKKVIAASNSEGKNTIEIYAIDGKNGTLQSITDPDRPIASAIDEVFSLYHSQKTKYYMVTGKEGEFEQYELNADKNGYISGKKVAFKMNSTMAADEYGSLYIAEDEAIWKFSEPDGGSNGTVIDRADRHLTPILTIYYAADGKGLASNSSYAIYERQGQNKYVADQITDGPETTSDTIDLGFGPEYPFLFAENIDHGQKVNQNFMVPWERIADKIGFHPQVNKQVDPRKLTDRSGK		70.0
3.1.3.8		F4ZE79		MNHSKTLLLTAAAGLMLTCGAVSSQAKHKLSDPYHFTVNAAAEEPVDTAGDALDPKTPQNSKLITNKSVVSDGKMLHSYNTKLIRYDFPNGKKVIAASNSEGKNAIEIYAIDGKNGTLQSITDPDHPIASAINEVFTLYHSQKTKYYMVTGKEGEFEQYELKADKNGYISGKKVAFKMNSTMAADEYGRLYIAEDEAIWKFSEPDGGSNGTVIDRADRHLTPILTIYYAADGKGMASNSSYAIYDRQGKNKYVADRITDGPETTSDTIDLGFGPEYPFIFAENIDHGQKANQNFIVPWERIADQIGFRPLANKQVDPRKLTDRSGK		60.0
3.1.3.8		A0A1S6WME7		MKISRLYLLIALTLCAPAMATDLALTPWAHSLNAEAMAVLSSTERLTASTRNGLQLLDANGTELARFNGNFSSLDTRAAGTQVLVASLDNDRQQAVLINLDASAKTFGIPLYLPTRDYPVNGLCLYRDGAAHLFVFLVGEEGKGEQWLVGNGATLLSEPQRVRGLPLPPSAQFCQVDDTTHQLVVNEQNVGWWAYPAHPEAEVKRTPVALFDNPKREAGAMALVPGGMVALDPKTAQLHLFQHTGKRWVEQSSLTLPGLKEPEQLSVNGQQLLVRDDDNGKLYQGRLDWKAKPVTAGPVLPEVAAVRQDPVGRQGDAVHPAQPEKSRVLGNKQLADDGKLLQELAVRLVRPDFKGAQTVLVASNDHNSLSLFSIDRQSGELREAGEVPTPLKEIICLYQPASEIYIANGKDGTFLQYRLSAPDGRVQGELVQFKVDSPCVADQRQRLFIGEDVGVWAVDRADQPATLTSVIKVPQLHAVLALYQSDKRDVISNDSYLVLDAEPPFATHGARVGLNTPAGIASETLETALNGPWSQMLVRKRMPEQTQNFLVPWAEVTRALKLP		40.0
3.1.3.8		G0XZM1		MMILNNMKKTVLCSALLAAFCISGTAQAAPVASNAIPSFTQEAEELARLPGGGWLTLDKHGLRLFNAAGQEQDRIAVRAKQLDTRIDGSKVLAVFLEADTQRPLPVSFDVQAGKLVKLAPFPVPAFSVEASCLYRDAQQLDHLFLIGKDGQAEQWVMQGEQRSLVRKLALPPHAKHCRVDDGAQRLLVSESNMGVWAYDAESEGMGKREVVALRKPYGLLDGGAGALAVLPGGVAVLDGKADKLHLFAHQDGRWTAQPAQTVALNVRKGDSQLALDKDALLLRGKNGWQARPMKWSGKAETQATVAIIAPQAQEPMARQGDALSRNPADARILGNKQLVDQGKQTQLLEVRLVRQNIQGGNKVLVATQDDNSMMLFTINAGGEVAEAGRFPTGLKSIMCLYQPASGVQFINDKDGTFQQYSIGLEGNKFSATLLSFKVATPCVADANGRLFLGETRGVWTTSDAARPDALTMVLPVAHLTAVLAIYRQPGAKPDTGIVSDSSYVVLDAQAPYKVRGRKVGFNLPAGITSETLDTSANGAYAQMLIYKRLPDGPQNFYVAWSDVAKALKLD		45.0
3.1.3.8		G4WZU4		MHFRFSPRPAALALLVMSSLLSTGHAASPAAAPPLSTLAGSANNDEARLLNDTRFWPQADRLLLAGQQGLLLQDAQGATLARLPGKYQALDVRTDADGALVTMVDTARQQPLLVRLDGAKRQWGTPQYLPAPGFKVEGSCLFRDEADNSFVFLIGEKGKGEQWLVGQGTHLLGAARKVRDLSMPPESEYCQVDDRRALLYVNEGAVGLWAYDAQAEAPLLRRPVDMRQPFGAIGGGIAGMAVLPDAVLALDPENRQLHRYRYLENGWQADAPLPLPTLKKPQMLTVRPTAQGAEIIIADKRGLHQGNIAWPLPAATPLPTIPVLPARLEEPVASQGDAVNPTDGAASRILADQRLVDQGRKLQDLPVRLVRSGLPDGKTILVASNDNNSLHLFAIAPANGEVAELGEIATPLPEILCMFKDQQAIYIVNDKSGRFLQYRLQGEHGAVRGTVVEFSLPSPCVADRQQRLFIGEDVAVHALDRPEQPAQLQQVIAAGALQAIMAVYQGRQHSVVSNSSYLVLDALPPYTLRGARIGLNAAAGIASETLETAANAPWQHMLVRNRLPEQTQNYYLPWSAIAEALQLAD		45.0
3.1.3.8		A0A0F7VP60		MHAFTRRLSGVVAATATLVFTAAAAVPPADASALAAPPEVLPRAEAALFDDDAGGNANRNSADPDASLVVAAEGRVDDARQVQSVPAPEAPGADDAPRFLVHGMSGTGATLVVSDGSDKLRVYRVDGDRPHAPLTDVTDPSAPWIFSGSQDEVNEESTALATYTDSVTRSYLVSQNATTHIALLELTATREGTVNYRQVTLDLPATFTMPDGTKWSPCGEPGEGPVMAVPETGTLFAGQDVGIWRLRDLRGRPVLQDKVREYGVPATYDEASDECVAGADPGFGARVSAVLTLLEQEDGDGLTGDDTFVAYDRERSDDYEYEGRRVGAASEALSEECADLAEPSRYPNLLVHMAPEDGDREATGFFVDLADVLEALDD		65.0
3.1.3.8		A0A0E3VIU5		MSTHPPGRRLASIRLLGFLALVAGVSSAPASAWAETAPATARDIAPRPDLQESVIVGVSPTKTKPPLAMLRKDTPQPELTERGASLIGLMGGYYGAWLRQEHVLPAGAAPNQVAAWDVDQRLGDALLEIAGTLRAAHQQALDEDVHATESGQCKLDPATARAAIDARLDGRGLDAIADRYRSSLEQMEKVLDFSKSPYAHDRPGAERFSALANRVQIDPTGRHLRLNPLGIASTVSEVFLEYAQGMAPENVAWGAIHDRDDWARLAAHNAQFDLMAKTYLSRKGTPMADILGALTQSATGTPAFATHAPATSRVYVLAATLNLAGMLGLDWTPDQPDDTPALSLWRDTLTHADFVTVGLVYQSLALRDMTPLTLADPSRHPLTIPGADAAHGDARLDRFMSIARRSMAPECIAHRP		50
3.1.3.8		A4UU76		MNFYKTLALSTLAASLLSPSWSILPRAEASAYKDFSVTADAEEPVDTPDDAVHPKQPEKSRLITNKSIVDNGKQLAAYPFKLLRYNFPDGKKIIGASNSDGKNTVEIYAFDGEKNKLKNIVNPQKPIQTDIEEVFSLYHSQKTKFYMVTGKNVEFEQYELFDNGKGQVEGKKVSFKMSSTLAADEYGKMYIAEDAAIWSFSEPNGGDKGKIVDRAGTHLTAILTIYYGEDGEGIASDNRYAIYDRRGKNDYVTDSIDDGKEITSDTIDIGFGKKYPYIFAENTENGQPANQNFIVSWEKIADALDDKPDIDDQVNPRKLKKRAK		60.0
3.1.3.8		Q6RK08		MKAILIPFLSLLIPLTPQSAFAQSEPELKESVIVGVAPTKATQLMQDVPDATPKLWLTPRGGELIAYLGHYQRQRLVADGLLAKKGQPGQVAIIDVDERKGEAFAALADAITVHTQADTSSPLNPLKTGVCQLDNANVTDAILSRAGGSIADFTGHRQTAFRELERVLNFSQLNLLNREKQDESSLTQALPSELKVSADNVSLTAVSLASMLTEIFLQQAQGMPEPGWGRITDSHQWNTLSLHNAQFYLLQRTEVRSRATPLDLIMAALTPHPPQKQAYGVTLPTSVLFIAGTLNLGGALELNWTPGQPDNTPELERWRRLSDNSQWIQVSLVFQTLQMRDKTPLSLNTPGEVKLTLAGEERNAQGMSLAGFTQIVNEARIPACSL		55.0
3.1.3.8		B6RGT1		MTIAKEYLRLSILTLVLSSFTLSAAPLAAQSTGYTERVILGVSPTKQTQLMNDVPDKQPKAYLTPRGAGLVTLMGGFYGDYFRSYGLLPAGADESIYVQDVDQRLGQAFLDIADGLKVHYQADLKKILHTVEAGVCKLDPEKTHQAVEKRLGGPLNELSQRYAKPFALMGEVLNFSASPYNSLQQKGKTDFATFAANEIEVNKEGTKVSLSPLALSSTLGEIFLQNSQAMPDVAWNRLSGEENWISLSLHNAQFDLMAKTYIRHKGTPLQQIDTALVLQRDAQGQTLPLSPQTKLLFLGGTINIAGMLGANWQPQQPDNTPGLELWQNPDNHQRYVAVKMFYQTMELRNADKLDLKNNARIVPIAIEGENEGDNKLQLETFQKKVAQVIEPACHI		37.0
3.1.3.8		H9TUK6		MTVAKKYLRLSVLTLVLSSFTLSAAPLAAQSTGYTERVILGVSPTKQTQLMNDVPDKQPKAYLTPRGAGLVTLMGGFYGDYFRSYGLLPAGADESIYVQDVDQRLGQAFLDIADGLKVHYQADLKKILHTVEAGVCKLDPEKTHQAVEKRLGGPLNELSQRYAKPFALMGEVLNFSASPYNSLQQKGKADFATFAANEIEVNKEGTKVSLSPLALSSTLGEIFLQNSQAMPDVAWNRLSGEENWISLSLHNAQFDLMAKTYIRHKGTPLQQIDTALVLQRDAQGQTLPLSPQTKLLFLGGTINIAGMLGANWQPQQPDNTPGLELWQNPDNHQRYVAVKMFYQTMELRNADKLDLKNNARIVPIAIEGENEGDNKLQLETFQKKVAQVIEPSCHI		55.0
3.1.3.8		C4S833		MRLTALGLMLGSFAISAAPVAAPVTGYTERVILGVSPTKQTELMNDVPDKQPPAYLTPRGAQLVTLMGGFYGDYFRNQGLLPAGADGTLYAQDIDQRLGQAFLDIAGGLKVHYQADLKKVLHPVEAGVCQLDSTQTHRAIEAQLGAPLSELSQRYAKPFAQMGEILNFTASPYKSLQQQGKSDFATFAANEVKVNQQGTKVSLSPLALSSTLGEIFLQNSQGMPDVAWHRLSGAENWVSLSLHNAQFDLMAKTYIRHKGTPLQQIVTALVLQRKGQGQTLPLSEQTKLLFLGGTINIGGMLGANWQPQQPDNTPGLELWQNPDNHQQYVAVKMFYQTMDLRNSEKLDLKSHAGIVPIEIEGENIGTDKLQLDTFQKRVAQVIEPACHI		37.0
3.1.3.8		Q7CIZ7		MSVLENRVRLSGLVLMLSGLAAITAPVAAEPSGYTERVILGVSPTKQTQLMNDVPDKQPKAYLTPRGAELVTLMGGFYGDYFRSLGLLAAGAEGGVYAQDIDQRLGQAFLDVAGGLTVHNQADLKKTLHPVEAGVCKLDAAQTDKAIEEQLGGPLDTVSQRYAKPFAQMGDVLNFAASPYKSLQQQGKTDFAHFAANEVNVNKEGTKVTLSPLALSSTLGEIFLQNAQAMPEVAWQRLKGAENWVSLSLHNAQFNLMAKTYIRHKGTPLQQIDTALTLQLDAQGQKLPISAQNRVLFLGGTINIAGMLGADWQPEQPDNTPGLELWQNPDNHQRYVAVKMFYQTMDLRNAEKLDLKNNAGIISVAVAGENNGDDKLELDTFQKKVAKVIEPACHI		55.0
3.1.3.8		B4X9S4		MTVASYRLRLPALALMLSSFALGAAPVITAPAGYTERVILGVSPTKQTQLMNEVPDKQPKAYLTPRGAQLVTLLGAFYGEYFRSQGLLPAGPEGTVYAQDIDQRLGQAFLDVAGGLEVHYQADLKKTLHPVEAGVCKVDLAQTRQAVEQRLGGPLTTLSQRYAKPFAQMGEVLNFAESPFKSLQQKGKTDFATFAANEIDVNKDGTKISLTPLALSSTLAEIFLQNSQAMPDVAWHRLSGAENWVSLSLHNAQFDLMAKTYIRHKGTPLQQINTALVLQRDAQGQTLPLSPQTKVLFLGGTINIAGMLGANWQPQQPDNTPGLELWQHPDNHQRYVAVKMFYQTMDLRNVEKLNLTTNAGIIPIAVEGENMGDDKLQLETFEKKIAQVIEPACHI		55.0
3.1.3.8		G4WZU3		MYKPMLSAALLALSASLLAATPAHAADERYTEKVMLGVPQTDTEKLNKAGRQQNEDHLSGHGYAGIVNQAAYQIASWRRAGLALGPAPAGAVFAWSPLQRAAQALLDMFGGLAAGHTRNRYLQSVDMGLAKPDKALARQQIMARMGGSEAAAAAHYQPDVERLRAAVADDTQAAFLHEPWKLVEKENGFALKPLSPGANIGETIRQYSEGLPLSQVAFGHADDAKQVAAMALHAAKYDLISDTELRHGGTLMAQLAAALKQGTPLEQPAAKTPAPRLTLFIGTIQIHTMLNMNWAGEYPPNDIPSLERYRDKRSGQRFVRLAFTAMSLDWRSLRRIDAAHMLSKDYSDKHHKTARGTLPLDHVLQMMQRAQVAGINTPQPIFQ		45.0
3.1.3.8		F6IQ86		MKAILIPFLSLLIPLTPQSAFAQSEPELKESVIVGVAPTKATQLMQDVPDATPKLWLTPRGGELIAYLGHYQRQRLVADGLLAKKGQPGQVAIIDVDERKGEAFAALADAITVHTQADTSSPLNPLKTGVCQLDNANVTDAILSRAGGSIADFTGHRQTAFRELEQVLNFPQSNLLNREKQDKSSLTQALPSELKVSADNVSLTAVSLASMLTEIFLQQAQGMPEPGWGRITDSHQWNTLSLHNAQFYLLQRTEVRSRATPLDLIKTALTPHPPQKQAYGVTLPTSVLFIAGTLNLGGALELNWTPGQPDNTPELERWRRLSDNSQWIQVSLVFQTLQMRDKTPLSLNTPGEVKLTLAGEERNAQGMSLAGFTQIVNEARIPACSL		60.0
3.1.3.8		H9TUK5		MTISLFNRNKPAIAQRILCPLIVALFSGLPAYASDTAPAGFQEKVILGVAPTKMTQTMRDVPHQEPKLYITPRGEHLISLMGGFYRERFQQQGLLPKDNTPDAVYVWDVDQRKGEAFLALAQDLAIHHQQNTQQALHPVKAGICSMDKSQVHAAVEKQAGTPIETLNQRYQASLALMSSVLDFPKSPYQQHNIGKLDFSQAMPSRLAINDDGNKVALEAVGLASTLAEIFLEHAQGMPKVAWGNIHTEQQWNSLKLHNAQFDLMSRTYIKHNGTPLQTIAHALGSNITSRPLPDISPDNKILFIAGTINISGMLGMTWTPGQPDNTPALERWVDNAGKPYVSVNMVYQTLALHDQAPLTLQHAGSVRLNIPGSDQTPDGYPLSTFSRLVSHSVEPACQLP		65.0
3.1.3.8		Q6U677		MTISLFTHSPTRLLKCMPLAFIAASMLTTASYASETEPSGYQEKVILGVAPTKMTQTMRDVPNAEPKLYITPRGEHLVSLMGGFYRQKFQQLGILSKGRTANDVYVWDVDQRKGEAFLALAEHLSIHHQQDIKQALHPVKAGVCTMEKTQVQQAVEQQAGMPIDQLNQHYRPALALMSSVLNFPKSTYQQHSADQTDLAQAMPSKLSIKDNGNKVALDAVGLSSTLAEIFLEYAQGMPDAAWGKIHSEQDWNALTLHNAQFDLMSRTYIKHNGTPLQTIVSAINSQPSSRELPELSADNKILFPAGTINIAGMFGMSWAPGQPDNTPALERWSDKTGKKYVSVQMMYQTLALRNQTPLTLDKAGSVALKIPGDDQTAEGYPLDTFTRLAKQNELVECQ		45
3.1.3.8		A0A075FFV0		MIKKLSLCALSVLAALPVGTVAFAADGDMQQQLMLNLAPLADNGSVLEQSKKSQDPGQLTTKGGVLEIYMGNYTRQWLAQQGLVQNGSDSNNVFVYNSLQVAAQFFVNAFGDVAVTHQDAMGTMINPVITDGSEAFNKQALADMAAANGKLALKPAFQRLEKIVDYKSSPANNKKQDLSSGQNSFSAENGKEPNVSPLKVGNSLIDAFTQYYEGFPLDQVAWGQIKTPEQWKESAIKNGYQDTLFTSTIREVAAPVDYIRSQLVDQDKANAPKVTLMVGSISLLSALQVKPYEPDTYEKTIQVERWHDAKNDKDLLKVEYVYQTADLRDADVLSLKNPKRVTLQLTGQTDANGYSWDQFSQALNSALQGTPMQPAAAAKPAAAQPDSDAAPAAAAANSATDKPADNAKADKADADKAKAEKAEADKAAAEKAKAEKADADKAKAEKAEADKAAAEKAKADKAAADKAAAEKAKADKAAADKAAAENAKAEKADAEKAAAEKAKADNATASQAPTAAQSNDAKSVATAAQ		37.0
3.1.3.8		D9D7K9		MSVAKRNLHLSALTLIMGCFTAGAAPIATPPASYTERVILGVSPTKQTQLMNDVPDKLPKAYLTPRRAELVTLMGGFYGDYFRSQGLLSAGVDGSVYAQDVDQRLGQAFLDIADGLKVHYQADLKKVLHTVEAGVCKLDSAKTHQAVEERLGGPLSDLSQRYAKPFAQMGEVLNFAASPYKSLQKNGKTDFATFTANEIKVNEEGTKVSLSPLALSSTLGEIFLQDSQAMPDVAWHRLSGEENWVSLSLHNAQFDLMAKTYIRHKGTPLQQIDTALVLQRDAQGQTLPLSPQTKLLFLGGTINIAGMLGANWQPQQPDNTPGLELWQNPDNHQRYVAVKMFYQTMDLRNAEKLDMKNNAKIVPITIEGENEGDNKLQLETFQKKVAQVIEPACHI		37.0
3.1.3.85		P9WIC6		MRARRLVMLRHGQTDYNVGSRMQQDTELSELGRTQVAAAEVLGRQPLLIVSSDLRRAYDTAVKLGERTGLVVRVDTRLRETHLGDWQGLTHAQIDAAPGARLAWREDATWAPHGGESRVDVARSRPLVAELVAEPEWGGADEPDRPVVLVAHGGLIAALSAALLKLPVANWPALGGMGNASWTQLSGHWAPGSDFESIRWRLDVWNASAQVSSDVL		37.0
3.1.3.85		C0QRP9		MVIFTDLDTLNHEDYSFKDIPSLERIKKGIPLVIVTSKTKKEVELIQKELGIEEPFIVENGAAVFFPKGYRGFNIRCDQENRYCIIKLGRDYREIRDFIEKIKDKFKIKGFGDMTVEEIVRLTDLPYDRAELAKERDFTEPFIIEEKDIKDLEEIAEKEGFKITKGGRFYHLIGKGQDKGRVQIVKKVFEENYGEVPLTVGLGDRNDIPMLREVDIPILIPHINKKYESVNLPGIIKAEYPGSKGWNESIWRILNEIERGCC		85.0
3.1.3.85		Q97C22		MIKLVAIDVDTTDKDRLISTRIEFIRKAEKGIIVSLLSGNVIPVVYALKVFIGINGPVFGENGGVMFDNDGSITKFFSNEKTNSFLDEMSKKTSMRSIFTNKWREASTGFDIGKDVDYVKAEAEKRGLVVFYSGYSWHLMNKGEDKGFVKILKEKYGLNYEEILVVGDNNDMPMFELPVFKACPANATDNVKKASDFVSSYSYGEEIGEVFSHFNLL		60.0